,ticker,sharpe,returns
0,ANGELONE,13.732956909653335,5756.495976000049
1,ARVSMART,9.73869891603412,20326.594211999938
2,BFINVEST,7.091976298622328,35557.11594250001
3,LIKHITHA,5.411414178225543,5216.710909500034
4,SUVENPHAR,5.154761289721095,4841.736382000017
5,NITINSPIN,4.122717204076437,40575.73349525008
6,MUKTAARTS,3.92955058708145,59883.73314399988
7,RELAXO,3.925273123402957,25397.459728750007
8,TDPOWERSYS,3.7693006582547426,49082.748504499934
9,IDBI,3.277725552089358,35861.03259375002
10,SHREDIGCEM,2.863699867101959,45075.66167400003
11,WEBELSOLAR,2.7577267141324837,66925.63539500008
12,XCHANGING,2.415545363582328,63513.18987125013
13,AVADHSUGAR,2.343806544182903,53244.307707499975
14,ASALCBR,2.295919439956269,19869.121222999922
15,SRF,2.251960024480144,74375.62157474988
16,HAPPSTMNDS,2.237529630044808,26724.82958075001
17,CGCL,2.076997912717865,39016.72403200006
18,ORIENTELEC,2.012685680759515,40797.84254375001
19,POLYCAB,1.9750662975270905,20160.788134250062
20,COROMANDEL,1.8702714689555722,31154.41514950007
21,SKIL,1.8280444375304248,60516.31830999986
22,MSTCLTD,1.8139255883762215,35723.58817824998
23,CENTENKA,1.7340690076198486,40947.951915500045
24,VBL,1.6956127957751996,30929.381438749988
25,DHANUKA,1.6926205269002554,30302.418051250002
26,BALKRISIND,1.6579658122081629,22690.249497250014
27,MIDHANI,1.6535624990859639,40206.148052000004
28,TATAINVEST,1.6453982968158911,9417.247143749919
29,GMRINFRA,1.6214340149994038,90339.65544249996
30,SASKEN,1.5938795939884074,38323.09897175009
31,HARRMALAYA,1.5823375333038545,71508.86691499985
32,IDFC,1.5362461382960173,29139.666168250085
33,PGEL,1.5325119924415411,55934.65842625004
34,SJVN,1.4858183651352634,29022.036657499993
35,VIPCLOTHNG,1.4764229622017595,65551.0301712499
36,APOLSINHOT,1.4406522226680074,31968.180912249954
37,ARSHIYA,1.4378783624462346,72941.84334000002
38,MOLDTKPAC,1.4358435878947593,24762.858112500064
39,HAVELLS,1.416656465383611,42502.2383132501
40,AUBANK,1.4041917936236283,29669.28313325002
41,ATUL,1.3925872106391601,45304.39972675007
42,HATHWAY,1.3799348581037518,25079.600719999886
43,MAHESHWARI,1.3701592858938942,29291.791222249987
44,CHALET,1.3686084947604156,25640.78298124994
45,VOLTAS,1.3668889518388625,55544.30280475004
46,RAJTV,1.3642394239434386,51680.84794075019
47,RAJRATAN,1.3477254611161802,64546.976344250026
48,TBZ,1.3333263353211642,30593.056868999804
49,SMARTLINK,1.32249783845965,27781.122241249905
50,MOTILALOFS,1.322365303974574,23130.150228249986
51,HDFCLIFE,1.3167107229558708,46049.49213600007
52,JSWSTEEL,1.3077371217389857,44959.714063750114
53,STEELXIND,1.305918747448714,101734.76398775008
54,GRANULES,1.298202519414165,29335.20275700002
55,DMART,1.2890164137288698,30216.64210875002
56,DUCON,1.2883968852309862,76088.20910599997
57,ALICON,1.287797079297575,29417.569154749974
58,HIRECT,1.2830112931759798,21463.758527500016
59,SCHAND,1.270029494107721,14209.761621750018
60,RICOAUTO,1.26633983521283,40861.25757700007
61,LSIL,1.263797061444246,58047.40688499989
62,ASHAPURMIN,1.2608756397075913,44062.70674574998
63,ALEMBICLTD,1.2354010799366817,26492.03095174994
64,HINDZINC,1.2178358024076077,27658.882858499972
65,LAMBODHARA,1.2165112444583766,66716.85782325
66,JSLHISAR,1.2086460999303343,59180.02041499992
67,DLF,1.2015912315183188,35826.231897249876
68,PNBGILTS,1.1961752480636545,29741.853572250024
69,SAGARDEEP,1.1840543145321833,61640.25390099987
70,MANINFRA,1.1803240093429772,97113.60748900007
71,FINPIPE,1.173609179451502,34189.22784499999
72,TATACOMM,1.1720637849838784,27283.910532249953
73,DEEPAKNTR,1.1715278688728001,61413.57010000004
74,MARINE,1.1703344419314874,89682.08658500007
75,AAKASH,1.161342791799629,54465.50518850004
76,PDSL,1.1600508501134237,42837.85508825007
77,SANGAMIND,1.1589935305401562,43584.415904749825
78,PRINCEPIPE,1.1516094238748646,19830.51609725
79,BANARISUG,1.1485449821913976,47316.293283000065
80,CORDSCABLE,1.1480763120224593,37619.34381125009
81,PIDILITIND,1.1471181144004183,26358.705837500034
82,ONMOBILE,1.1414368982214351,47308.6681420001
83,LALPATHLAB,1.1367778653647935,56753.36628450005
84,GRAVITA,1.1242785799633686,29275.95492274988
85,FORTIS,1.1188436527671186,23005.189388750034
86,ZODIACLOTH,1.1187713715063543,93220.70398825023
87,HINDWAREAP,1.1182400436465578,14866.271736749972
88,TRENT,1.1145336377559305,23097.188526500046
89,ADANIENT,1.088661602702035,100434.16743900001
90,INDIACEM,1.0772636820622308,69692.27499175008
91,MAZDA,1.0755151520492034,16202.69267675004
92,ZOTA,1.0580834257078264,25006.66282975
93,VTL,1.0449650602955485,29014.506908499985
94,ADANIGREEN,1.044111708265843,47875.18132500016
95,JKLAKSHMI,1.0334241885194815,12724.76732225006
96,DBREALTY,1.0168988519413282,20570.68160875005
97,TOKYOPLAST,1.0159402516997145,25780.780707500046
98,UNIVCABLES,1.0032970983412468,18799.49031099993
99,ARIHANTSUP,0.9990987661914333,83565.94405149989
100,TECHM,0.9941648377538649,44745.12317124999
101,PIIND,0.9940027067642823,26758.997715999983
102,SUNDRMBRAK,0.9893276694527925,45764.272162499954
103,DIVISLAB,0.9813562876633316,40379.183420250076
104,SKFINDIA,0.972471414250006,22283.54241675003
105,SANDESH,0.968076200167919,77556.66730650014
106,OCCL,0.9610106261353272,19683.399795000005
107,CYBERTECH,0.9577008243633105,40211.88061874997
108,AARTIIND,0.9572567334257623,31073.695542249916
109,UTIAMC,0.9483020789566305,16454.942154749995
110,TEJASNET,0.9456357858342985,24481.02351224993
111,IGL,0.9434637829620427,40896.18422724996
112,ASIANTILES,0.9429612205046803,51847.17065349987
113,EPL,0.9378678083567112,48890.98158950012
114,PILITA,0.9283679353197305,54184.24713250005
115,ESABINDIA,0.9172431774999283,50707.71485624992
116,ENERGYDEV,0.9106774530447463,64522.45463100006
117,AURUM,0.9084945149347803,33958.03281900007
118,SPECIALITY,0.9058932223457118,34518.128853750095
119,NELCAST,0.9058209064200454,35337.121020750026
120,DWARKESH,0.8987843012064746,58639.00327849982
121,KILITCH,0.8984404213026477,27285.48700299993
122,FACT,0.8978669136786646,137130.29175250017
123,KIRLOSIND,0.897509932122915,35696.34117974999
124,MATRIMONY,0.8972602581769638,35785.17022300005
125,TEMBO,0.8878096098599391,48711.10340975001
126,NAVINFLUOR,0.8794137996198187,44325.40574200015
127,VIDHIING,0.8783426299200384,20521.779926000047
128,COMPINFO,0.8762535881399469,9885.159853749909
129,TTML,0.8741332632241487,64707.302001250006
130,INDHOTEL,0.8708012383656016,28641.134710749917
131,GULFPETRO,0.8558745716865764,56184.88808824995
132,MARATHON,0.8527322836548518,61080.544715499826
133,BPL,0.8517381726614635,36454.602842500026
134,VAIBHAVGBL,0.8507568164869554,56675.36572275011
135,SIS,0.8505665552999361,19527.282206250035
136,TIDEWATER,0.8499944506198277,40824.343042249966
137,VSTIND,0.8468178897186714,39075.42134449998
138,GOLDIAM,0.8453812470047241,48506.654764250125
139,ULTRACEMCO,0.8401148895214441,29037.657545000096
140,HESTERBIO,0.8356090264174685,21946.529319999914
141,NUCLEUS,0.8155080442524378,49676.163429749984
142,MCDHOLDING,0.8150450705030151,17406.948376249973
143,TTL,0.8145188218818943,49761.670032750175
144,CAPACITE,0.8127921045292192,22707.45731675002
145,LASA,0.8102634647611137,64719.44125449989
146,PUNJABCHEM,0.8080741370398905,26834.40412650007
147,MADHUCON,0.805340596522806,41421.11908000003
148,TATAELXSI,0.8050812394136379,26258.654924250033
149,APTECHT,0.7946255352619345,38829.438772500085
150,NMDC,0.7878678606350649,55006.375598250015
151,RADICO,0.7861619475197732,27006.791990000143
152,SBICARD,0.7800258809475623,9883.613501000014
153,LTIM,0.7730324856312071,30086.191326750035
154,VEDL,0.7730022604184461,21160.497908749923
155,INDOSOLAR,0.7729215784207953,56757.14787499991
156,ASTERDM,0.7721837230092516,46495.80514374998
157,DYNPRO,0.7687642059043245,46984.44531524996
158,ADFFOODS,0.7674304054031895,11180.231408249965
159,ISEC,0.7672218839815345,33594.358251
160,SDBL,0.7661622208320711,38816.53277524997
161,HATSUN,0.7656702896851063,38452.05297774999
162,RTNINDIA,0.762336460410168,62575.8925950001
163,NELCO,0.7597550452416324,24667.027060750057
164,NH,0.7547000042091815,20717.313876999935
165,KAJARIACER,0.7536829510249952,30825.35353724999
166,BAJAJELEC,0.7533534021020963,37131.65406725003
167,RELIANCE,0.7509762921532213,14260.662759500032
168,BRNL,0.7506294848078302,11411.280535250029
169,RAMASTEEL,0.746440979902467,19900.103447750007
170,ABB,0.7457006780466466,16953.011293000003
171,RAJESHEXPO,0.7425265173225822,13816.363843250088
172,JBCHEPHARM,0.7422539799516423,35034.48178250011
173,RHIM,0.7397599718425679,20885.469716000094
174,GLOBUSSPR,0.7371175067980277,28039.54251249999
175,SAREGAMA,0.7325175139166913,49885.26373400004
176,ELECON,0.7321290772086068,59832.47244349998
177,SONATSOFTW,0.7314404395447769,26263.817468250054
178,SHOPERSTOP,0.7313028623959461,35382.142666000116
179,DRREDDY,0.7301954156723856,15816.824621749969
180,NAHARSPING,0.7283274894610557,17685.17779075002
181,MHRIL,0.7280964247306606,21275.731389750086
182,INDOCO,0.7236261100200162,24696.732184249966
183,DIXON,0.7219132414480306,64421.69662800015
184,MMFL,0.721422975730569,28165.92317349995
185,VADILALIND,0.7156462122789963,20853.146689999994
186,CHOLAHLDNG,0.7113758195760844,27813.14124050006
187,TIPSINDLTD,0.7102935092901947,67073.28914400007
188,KNRCON,0.7092001092686765,19699.98748925001
189,KUANTUM,0.7082435575465872,15239.074837000022
190,SURYALAXMI,0.7082378439021753,57126.60807500014
191,MANAPPURAM,0.7061320291816694,32701.107417250052
192,SEAMECLTD,0.7047518445693447,27807.399398749956
193,ROSSELLIND,0.7041852967470986,52145.454420000024
194,AMBER,0.7007099666642004,48761.24656575013
195,ORIENTBELL,0.6976248505773776,26637.683213249984
196,TREEHOUSE,0.6970902499932523,55374.33984249999
197,NEULANDLAB,0.6895080740898037,34279.54986350011
198,GICRE,0.6890842139226429,44773.76026699995
199,OIL,0.6890401092407066,31337.616576
200,GSPL,0.6866234394318611,23730.688006999946
201,SAIL,0.6846487141678846,35640.12103649997
202,TRITURBINE,0.6808007460225063,26957.033482750034
203,TIINDIA,0.6807299691121708,34431.39213900012
204,VIKASECO,0.6753205703280908,24850.81995799986
205,DCM,0.6737719574978973,81174.71368049987
206,MPSLTD,0.6718369924057849,19985.618080749933
207,CONTROLPR,0.6686871422470541,34714.06176475008
208,POLYMED,0.6683446749118878,24712.292247249992
209,SHALPAINTS,0.6661440997984465,21663.593933000026
210,VESUVIUS,0.6592306222245372,26351.95757500008
211,ANSALAPI,0.6587896932028949,12857.49004499997
212,NFL,0.6586074731518826,24877.076982500017
213,SUNTECK,0.654426172615296,36846.2234802499
214,SHREECEM,0.6474502340575654,20552.18720499998
215,BHAGERIA,0.6467486112387346,26559.792065500005
216,IOLCP,0.6447760717575417,24764.569975000195
217,PRICOLLTD,0.642023181241711,33421.56492675
218,ECLERX,0.6392838800319837,31671.728981249937
219,CGPOWER,0.6380468068372266,45794.09550124983
220,RVNL,0.6352002582587787,29322.97752124995
221,GTLINFRA,0.6350837623148587,107707.23835000006
222,AGROPHOS,0.6341939285382293,21282.308903000114
223,MEGASOFT,0.6325464981181512,34385.62958374998
224,PTL,0.6313124893187203,27422.391140000065
225,DALMIASUG,0.6304563393433303,20926.23689575
226,XELPMOC,0.6293710681625162,22385.83323124991
227,FEDERALBNK,0.6276443097894138,39510.62196149994
228,PFS,0.6257611409623546,10232.664986499978
229,TTKPRESTIG,0.6206375123636504,21619.811425750013
230,MSPL,0.6187882499640501,30700.417912499877
231,FINEORG,0.6157589653361059,26882.530776500033
232,TCS,0.6150622704293861,19247.35765725006
233,MAHLIFE,0.6139757410702492,31495.41807075002
234,MOTHERSON,0.6136497028367008,32268.999774999946
235,AMBUJACEM,0.6122927133141961,13742.076290500103
236,SUNDRMFAST,0.6101143117453384,40632.35072675007
237,KAMATHOTEL,0.6053736210544123,23378.81742250001
238,UTTAMSUGAR,0.6036650401993197,32744.60095875
239,BAJFINANCE,0.6019817873922148,18708.644250249927
240,LAURUSLABS,0.5993286287671906,25739.644780250048
241,APLAPOLLO,0.5979858809031268,19157.566195750056
242,LTTS,0.5950541761760784,30546.605371750076
243,PARSVNATH,0.5931875772545728,30175.994677500013
244,SHAREINDIA,0.5906513719614132,12109.660963250004
245,RCF,0.5895131197053743,25993.856864500034
246,APOLLOTYRE,0.5886200497025812,16431.798073749975
247,CDSL,0.5877938086297684,16701.92572999996
248,HGS,0.585913361049244,20543.213487000015
249,ALOKINDS,0.5841090452921744,188215.02041249984
250,IZMO,0.5805630930007708,35479.53164375006
251,CENTURYPLY,0.5804565201653125,46909.07614025014
252,BLUEDART,0.5791619366311689,14510.707012500003
253,SADBHAV,0.5766540093162746,16609.624050000057
254,DECCANCE,0.5726551336658868,25296.086413750076
255,BIRLACABLE,0.5720556426106493,21176.15242550001
256,CLEDUCATE,0.5717733798412824,15516.615568749898
257,DALBHARAT,0.5706014418037281,33108.83798650006
258,PERSISTENT,0.5685997936328839,10788.517224249998
259,CANFINHOME,0.568114899344468,33515.52447224996
260,INDOSTAR,0.5678778402733615,22527.99095274991
261,BYKE,0.5668002188790244,46045.14765699988
262,IIFL,0.5663693298364727,26413.729830750075
263,NITINFIRE,0.5614645814218885,166171.1512299992
264,CENTUM,0.5601831857089297,31699.603434999968
265,NIITLTD,0.5596614940332154,42163.78455424993
266,TORNTPOWER,0.5585137361905649,15709.232868250037
267,NITCO,0.5580192265754975,23626.05470249994
268,GANGAFORGE,0.55765957235905,30709.30953824993
269,SASTASUNDR,0.5575427736782487,17881.041876249976
270,ALLCARGO,0.5569383551355622,28708.972385999936
271,ASIANPAINT,0.5559867843728015,33524.91899475001
272,BSE,0.5559229599331228,184540.899005
273,ASTRAL,0.5538204336174941,10639.790612750003
274,ADANIPORTS,0.5537920487487337,33288.98790024989
275,SFL,0.5506706694180554,28783.63492000007
276,POLYPLEX,0.548791249732006,37825.400657249906
277,GRSE,0.5484115070716062,16704.445546250034
278,ASTEC,0.546412715008979,16172.482744000008
279,PONNIERODE,0.5397886642501328,28687.89625775008
280,LINCOLN,0.535707476240896,16322.484016999995
281,SAGCEM,0.5351692733514214,9713.977402249962
282,PRESSMN,0.5338495847736653,23984.798445249937
283,APOLLOPIPE,0.5330934393763959,21893.545306249944
284,WINDMACHIN,0.5319987477406849,22450.61881849995
285,MANINDS,0.5312272574615108,33189.64013875008
286,MIRZAINT,0.5295843293113169,36682.37581700005
287,RANEENGINE,0.5277154914366803,27868.21914249999
288,CREST,0.5261753900160647,21214.118913249913
289,THYROCARE,0.5224358773231575,11768.577799750085
290,SHYAMCENT,0.5208501794193707,30190.121450499966
291,AKZOINDIA,0.5164404338742019,16563.88950800005
292,VGUARD,0.5141844162759905,26588.578980250008
293,HINDMOTORS,0.5125398600612856,26402.175136249964
294,TRF,0.5108453566118807,20980.544254999986
295,GPIL,0.5101326732733965,34976.087819499895
296,NIPPOBATRY,0.5096572699355936,13365.317308500016
297,ANUP,0.5090364196872077,17706.595891750054
298,HUDCO,0.5057387282472312,26272.137132500022
299,GINNIFILA,0.5052697320699815,15697.603104999944
300,SOBHA,0.5032301724208345,15196.03952374999
301,IFBIND,0.5020497796415365,37650.63439000002
302,EVERESTIND,0.5001541899026253,15977.802109750031
303,NXTDIGITAL,0.49897557949167537,18546.548879999973
304,MANALIPETC,0.49842346037778373,36453.94283049999
305,PARACABLES,0.49770628321358534,15863.207093749865
306,RAMANEWS,0.49735034832514685,19571.47539375005
307,BALMLAWRIE,0.4957210827428878,13731.375267500072
308,HINDALCO,0.4946771763070349,24178.9041805
309,WELSPUNIND,0.4934550360248591,26847.216580000153
310,PVR,0.4914432265664608,10857.548013749925
311,GODREJIND,0.4878939156155336,18045.37439125002
312,WSTCSTPAPR,0.4875548218720097,16630.522829250083
313,EIDPARRY,0.48493507013896814,20075.270482499924
314,IOB,0.48489538632412016,39700.39009125007
315,SANGHIIND,0.4838886389886596,26491.72310750003
316,SUBEXLTD,0.48291026085580047,24777.156007249927
317,CAMLINFINE,0.48246658204411563,29300.284958749995
318,JASH,0.48103627270905863,32167.90947350001
319,MPHASIS,0.48028421108958264,24657.169956250058
320,HEADSUP,0.4793337608166917,28132.90351499994
321,ROHLTD,0.47817489897770815,18669.127465999976
322,MADRASFERT,0.4736073032704989,18958.34402874991
323,GSFC,0.47188956984573877,16611.590222499945
324,GALAXYSURF,0.47015362720105286,21866.614976249955
325,MAWANASUG,0.46638078408340183,35072.29096650006
326,ENDURANCE,0.4619239449730408,17236.989586749944
327,TATASTEEL,0.46176325696948584,11581.514553000015
328,ONGC,0.4597995314640136,16195.065166500048
329,SUULD,0.4596793709011206,37440.85165425
330,ESSARSHPNG,0.45951694658218284,38049.16437749998
331,GENUSPOWER,0.4594894863736095,11028.543002249964
332,IBULHSGFIN,0.4589787134596738,16112.831341750134
333,PILANIINVS,0.4588974584655163,25232.08150124998
334,UJAAS,0.4541938398697619,53608.11646124988
335,NAGAFERT,0.45382907501456315,9450.229268749987
336,ICRA,0.45285557029506207,28912.015462499985
337,CHAMBLFERT,0.4513077050284485,29465.600559500046
338,VENUSREM,0.4494355401024561,37552.05923249989
339,DVL,0.4385719960256046,17333.544477499992
340,PRSMJOHNSN,0.43848871146577145,30856.04621075002
341,RUCHIRA,0.43147557808990494,20304.229665000094
342,POWERINDIA,0.4310881097382251,7953.187168999997
343,SWARAJENG,0.43066794193585234,14741.654333749975
344,SHALBY,0.4303321837866566,16139.087544250026
345,TI,0.4296419421919424,11364.708920500052
346,PIONEEREMB,0.4282031440344714,29873.659433000008
347,BERGEPAINT,0.4253603159823435,19983.49464624998
348,TASTYBITE,0.4247149025633508,16066.593083
349,ADVENZYMES,0.42471323378778536,36620.11447025003
350,NAHARPOLY,0.4242855487856556,21283.515056499964
351,NCLIND,0.4227321258653143,27382.99245374996
352,DSSL,0.42230475344550694,28266.218144499988
353,SUDARSCHEM,0.42009536187672314,22517.27547574998
354,MONTECARLO,0.41996896730501554,18859.313986750043
355,ASAL,0.4165291280219279,21049.507444999996
356,JPPOWER,0.41113718632380813,15140.948058749927
357,AUTOIND,0.40933002863888907,7339.194589999883
358,MGEL,0.4091080083727528,14060.258559500027
359,BHARATFORG,0.405123413699022,17926.481797749948
360,TEAMLEASE,0.40311987852491327,10607.678952500064
361,TINPLATE,0.40267166945151217,14812.686340749991
362,VISAKAIND,0.4024012347987933,17034.695175749977
363,PAISALO,0.4022247085787905,18037.28348749988
364,MIRCELECTR,0.40134790229159634,23412.567229999957
365,SETCO,0.40014829251368716,23070.18293499993
366,SHIVAMAUTO,0.3935881197162744,11789.917430000001
367,GESHIP,0.3928732793031642,15408.755804000175
368,THEMISMED,0.392537625261614,24890.93243724994
369,TALBROAUTO,0.3896384420173984,11832.249988000025
370,KPRMILL,0.38942106007637944,19573.627245250085
371,BPCL,0.3894137155415429,14576.608740249969
372,JSWENERGY,0.3877125674958713,21286.504104750056
373,OFSS,0.383902561538288,18287.881041249988
374,BDL,0.37808378796544695,14101.360805249991
375,DONEAR,0.3776315514921623,17544.698394750012
376,STEL,0.3756923992759402,16426.501358750014
377,FOSECOIND,0.37545499482696,11711.011089750042
378,ALLSEC,0.3734667010511586,16760.794927000068
379,KOPRAN,0.3731934345543178,19939.14718399993
380,JMFINANCIL,0.3685534526281185,17365.390184500095
381,HDFCAMC,0.3669060373543264,11458.21771950004
382,ABFRL,0.36641248830363826,11405.145327250066
383,LICHSGFIN,0.365457570271142,19356.320872750002
384,SPMLINFRA,0.36052748301239407,22461.670847500005
385,PENIND,0.36023565491405696,10657.578053750098
386,BLS,0.356950937107873,29381.26836599993
387,KOTARISUG,0.3548684451145776,15143.53118174999
388,BIOFILCHEM,0.349055605628343,24670.917252499974
389,PGHL,0.3479872546175314,20028.46011749997
390,NHPC,0.3467324021342435,15574.86844750002
391,MFSL,0.34649415383287746,8572.751032499931
392,WIPRO,0.3456684190262144,16473.810969999977
393,AMBIKCO,0.34512456269442726,15066.185053499998
394,NATCOPHARM,0.3432327283160812,13594.771605499991
395,DELTACORP,0.3429838004691304,18930.191751999926
396,SRHHYPOLTD,0.3412488347821443,15052.67941425003
397,PCJEWELLER,0.3412119176480642,24862.800077749955
398,GREENPANEL,0.3400236244350209,19874.042249499995
399,GHCL,0.33946378372885083,14571.245094249985
400,NBCC,0.33870932599825726,17018.750719500007
401,DBCORP,0.33336965890056763,12571.578857250046
402,INDIANHUME,0.3330527421573184,16594.84928699996
403,MAZDOCK,0.33230086467890857,3980.965755500045
404,DHAMPURSUG,0.3318634639581427,17504.29452000007
405,CYIENT,0.3316895326137135,11659.60292425008
406,KAKATCEM,0.32870140856127844,20900.035687999974
407,AVTNPL,0.3286893728094314,18313.672177999964
408,MAANALU,0.32863271497690416,19451.388064
409,ARCHIDPLY,0.32598047952419673,11738.341190000006
410,SHREEPUSHK,0.32361856133971767,22166.501234999974
411,LAXMIMACH,0.3231658616922242,16387.934043749934
412,JUBLPHARMA,0.3228599572738676,16165.914025750113
413,GIPCL,0.32266459251273216,14377.452515250116
414,RPSGVENT,0.3223530222689408,15437.501336249945
415,JKIL,0.3186967105599403,16817.986264749954
416,RSWM,0.3165054471733319,20612.974121999898
417,ORIENTABRA,0.3144099221693563,15297.568112750057
418,IPCALAB,0.314220100890231,9899.461374999999
419,SYNGENE,0.3137935490076847,12814.580948250048
420,GEECEE,0.3121401192538475,20233.183663250093
421,JTEKTINDIA,0.31093957003494715,11326.308728250035
422,GANECOS,0.31028241467238094,31410.017896000063
423,VLSFINANCE,0.3094436987976083,13811.089184249999
424,TVSMOTOR,0.30855421644764536,15735.074716000061
425,BOROLTD,0.3067866405173639,4224.513672249974
426,PRAXIS,0.30453395228742874,17882.350155000007
427,IDEA,0.30438322893795666,14981.417351749915
428,BALRAMCHIN,0.30407436469313437,10103.052698750034
429,SUTLEJTEX,0.2997881361333734,17146.42974599998
430,KABRAEXTRU,0.2981004307003113,9096.144563249967
431,GARFIBRES,0.2967746055526304,14200.593981250044
432,CANTABIL,0.2959978657559753,11566.850295000098
433,ASAHISONG,0.2958874757257599,9725.944330749917
434,MANGLMCEM,0.29464375114226404,13423.727571999945
435,VARDHACRLC,0.2929304019502148,12698.104039749931
436,JKCEMENT,0.2924664278936064,9536.519116249983
437,SCHNEIDER,0.2910577691957116,10988.225503749942
438,HCLTECH,0.2902719650854676,13695.01078250006
439,PENINLAND,0.28960492060396126,20098.38752624995
440,NAVA,0.2892159618889065,13973.707252000022
441,SEYAIND,0.28714689858070125,10801.306886749997
442,GLAXO,0.2836689423853039,8459.963547500083
443,TCIEXP,0.2826057191951951,10473.683440250024
444,BBL,0.28221676198523526,15714.99625774991
445,VERTOZ,0.2816175031779009,19131.598232000004
446,INOXLEISUR,0.28116530462239664,12910.01249124996
447,PATINTLOG,0.28089611521919455,12296.64793575005
448,ONWARDTEC,0.28037835517979565,8039.832953749996
449,BALPHARMA,0.27979597876344525,9551.840481499981
450,ORIENTLTD,0.27780973178009,16125.767640250138
451,MAHABANK,0.2773951459442044,10683.306322249977
452,VETO,0.27719533918637573,12420.309354499972
453,PRAJIND,0.27645669939652834,18524.109774750017
454,TEXINFRA,0.2726104837676557,12141.537490499963
455,IIFLSEC,0.27258684861474614,5988.17960524997
456,CLNINDIA,0.2715863446101259,10350.08208224998
457,SHAKTIPUMP,0.26779672256447,11813.14538124991
458,BIL,0.26775396674641966,17188.94868999996
459,FLEXITUFF,0.26677466975624486,16709.398152499998
460,RUPA,0.2667343029216255,12029.802324000164
461,EIHAHOTELS,0.2666286106032858,15813.25866300003
462,FCL,0.26635959354111155,15018.245220750017
463,SUBROS,0.2632963997074555,14182.987933500059
464,MASFIN,0.26022917353647707,10107.977282749955
465,BLUESTARCO,0.26016167020472997,10592.608902999986
466,JAYAGROGN,0.25806444057464784,14217.058558999997
467,CUMMINSIND,0.25484708193373434,10727.249969249999
468,COSMOFIRST,0.25468533816943506,9623.87175949999
469,SEQUENT,0.25344284918868754,16063.607185250003
470,V2RETAIL,0.25285095064611696,17659.586289999977
471,BBTC,0.25210364792065043,10304.476587000026
472,SUPREMEIND,0.25202948334379427,11880.544332999983
473,NAHARCAP,0.25136073387690366,15823.099189499946
474,EVEREADY,0.2509497675504481,11969.915166750041
475,LYPSAGEMS,0.24820945548394632,18356.264327499797
476,SIRCA,0.244716593523994,12530.70701450009
477,AYMSYNTEX,0.24340803737206393,12630.633806249956
478,CRISIL,0.24328102272681457,5046.712183999989
479,THANGAMAYL,0.24289709108168514,9560.313558999958
480,ARROWGREEN,0.2417086653577578,13308.212336250028
481,ATULAUTO,0.24158778266431805,11624.527760000012
482,LEMONTREE,0.24075389608257644,7860.203602499954
483,RATNAMANI,0.2394386757052229,10238.872809749984
484,AJMERA,0.23821226487273134,12235.069026499928
485,KESORAMIND,0.2374793527344583,12181.900611499965
486,MAXHEALTH,0.2340185882796948,6830.168675000052
487,NEOGEN,0.23079975998580143,9940.927239499972
488,JINDALSTEL,0.23060284421990024,12309.075693500024
489,ASAHIINDIA,0.22489134361171115,12144.23791599997
490,HITECH,0.22126381111314558,14105.766379250097
491,EMKAY,0.2180457081657084,10075.886160499926
492,ESTER,0.2174264029519475,8368.64520899998
493,PRIVISCL,0.21188787802252543,11128.656080500034
494,LINC,0.21135173679760516,8884.810900999946
495,GRINDWELL,0.21023537471152234,8791.472434749885
496,GPPL,0.21000812470550692,6437.945868500057
497,ELECTHERM,0.20907593640822156,9969.337207500066
498,SATIA,0.20688077100357657,7387.4283977499435
499,POONAWALLA,0.20533681573430063,12035.674208249999
500,INDORAMA,0.2048090047932138,11630.788427500112
501,DLINKINDIA,0.2047476602019647,10397.529031999991
502,GSS,0.20455667795643973,12189.63121750002
503,UCOBANK,0.20453215446177855,11831.806531249982
504,INFOBEAN,0.20215716860094554,8356.329743250084
505,ADANITRANS,0.19915234687036407,8421.799848750015
506,LAOPALA,0.1991171359468448,13068.387996250036
507,ORIENTHOT,0.19704423585246622,6432.403632249974
508,PSB,0.19488540849624364,8605.209944250004
509,GREAVESCOT,0.1947401108214333,9337.066135999965
510,SESHAPAPER,0.1934612314047135,11431.960301750063
511,HUHTAMAKI,0.19078530382657602,7097.601662750007
512,KREBSBIO,0.18507685538079757,11978.910320250056
513,GULPOLY,0.18441765287582587,9706.151904749902
514,OILCOUNTUB,0.18432861427573233,12012.912352500047
515,UBL,0.18409041489902273,9303.918708749916
516,AROGRANITE,0.1826127127103876,10548.996886999856
517,EXCEL,0.18241694886951404,11148.871627999906
518,UCALFUEL,0.1808616473342175,11302.170811249991
519,TNPL,0.1804376858728514,10663.387602499977
520,VHL,0.17958615806637165,8755.025732499984
521,UJJIVAN,0.17633384811600417,10195.504438499964
522,GUJGASLTD,0.17541002688285084,7861.081340249948
523,GMMPFAUDLR,0.17527288308258365,7835.337577250029
524,AKSHARCHEM,0.17410118142413328,8352.528193250066
525,GENESYS,0.17365758610835053,10112.83307550002
526,ASHIMASYN,0.17300509599960634,10108.533500000005
527,IFCI,0.17233929700323514,9465.54242875005
528,STCINDIA,0.17199924636829253,9425.87524499996
529,KOLTEPATIL,0.17105224935226435,8876.634468500051
530,CARBORUNIV,0.17064408616595042,8433.396555750078
531,CIGNITITEC,0.16877177886489728,9008.10888975003
532,INDIGO,0.16761775347129818,7219.827217249913
533,VENKEYS,0.1642769173909414,9699.682316749953
534,GUJALKALI,0.1629647551936645,9027.173664750095
535,PAGEIND,0.1622626324600337,7922.3321637500485
536,RIIL,0.15921782085259784,6055.528914749957
537,HINDCOPPER,0.15028434857180056,8050.201280499969
538,ALKYLAMINE,0.14952642228578242,8478.553647250053
539,SPLPETRO,0.14798866581651726,7917.052408249976
540,SPTL,0.1473682404763001,7778.839466250036
541,TARC,0.14722569033743052,3533.3350424999953
542,GOODLUCK,0.14713563699562182,8555.101606250042
543,TCPLPACK,0.14585410462394474,8050.357703249974
544,EMMBI,0.14268513303773273,5948.959760250014
545,NAVNETEDUL,0.14192330697720487,6468.497950999968
546,ZEEMEDIA,0.1412344333192241,8275.037905000048
547,VSSL,0.13973372479687043,7587.0747775000345
548,TIL,0.13540049208758365,7528.386054499977
549,GRASIM,0.1327318393763815,6774.2145029999665
550,ZYDUSLIFE,0.13022582399101412,7466.046165250009
551,GILLETTE,0.1299715462234176,5440.613963749958
552,ITDCEM,0.1280722597118073,6016.730946749914
553,HPL,0.12502785111269502,7400.702777750004
554,IRB,0.12243424721281493,7538.008259249895
555,POKARNA,0.12231295026299571,7210.452178999825
556,MAHSEAMLES,0.12194462078456667,6668.15643225002
557,SHANTIGEAR,0.12008637163482457,6143.778942250006
558,BANCOINDIA,0.12008624534203374,6840.817139249906
559,APARINDS,0.11835504681831312,6924.593739000062
560,CIPLA,0.11446515628752482,7082.170840249935
561,STLTECH,0.11416769648356867,6859.795449749974
562,POWERGRID,0.1136335585577442,6311.988885250088
563,HIL,0.11350891386164715,6526.2022535
564,MASTEK,0.11325554545488717,6790.032789749981
565,LUMAXTECH,0.11306908610569341,6807.706285250009
566,MGL,0.11283667756657598,6529.576504250028
567,NDL,0.11185600174223684,6525.62787599994
568,TATACOFFEE,0.11104194017231656,6391.786395249961
569,WELCORP,0.10929746305359436,6403.887227500061
570,JMCPROJECT,0.10891104130624917,6220.348359000083
571,FSL,0.10751516310879822,6518.663958000019
572,DCBBANK,0.10635483727202419,5850.794356750121
573,ATGL,0.106233996197907,5451.028555750105
574,NBIFIN,0.10429813657968538,6440.9242562500585
575,KHADIM,0.10080142241886281,6229.651671749976
576,BAJAJHIND,0.10014372028286135,6101.302226250162
577,PURVA,0.09960606063493525,6256.87802999992
578,NECLIFE,0.0959050802446516,6062.464372249859
579,REPCOHOME,0.09527262873151955,6056.966910500036
580,ADORWELD,0.09429925218206849,5962.0006975
581,KCPSUGIND,0.09364067816949675,5680.283007750055
582,SPLIL,0.09182193181591139,5861.2566700000025
583,RPPINFRA,0.09089387840440931,5340.402901499998
584,BATAINDIA,0.08859700945258564,4939.141529500019
585,GREENLAM,0.0872396277216015,5350.967481749976
586,CHOLAFIN,0.08514691057247101,4603.549014749966
587,ELECTCAST,0.08434410170900464,4976.253489749986
588,SPIC,0.08411834754055082,5333.869361749967
589,CESC,0.08402591122187311,5514.217763749999
590,3IINFOLTD,0.0835226880943732,5404.891149999981
591,SPAL,0.08246249852702481,5367.279660999979
592,FDC,0.0776276148321088,5200.082236000017
593,EMAMIREAL,0.07624124752291185,3853.6083487499272
594,CONCOR,0.0761051958360061,5213.633845500037
595,MINDACORP,0.07541646691138965,4970.878336499911
596,OBEROIRLTY,0.07390457135324471,5258.450219500053
597,OMAXAUTO,0.0737847910741113,5098.150926250048
598,HAL,0.07270073711129903,5027.715300750046
599,NDTV,0.07234462909059483,5160.662442499917
600,GREENPOWER,0.06922415361625892,3239.9660462499887
601,ASHOKA,0.06899464873678669,4979.068872500036
602,AIRAN,0.0672992708267146,4900.954018500022
603,CERA,0.06691056027027543,4948.66195025004
604,JAYBARMARU,0.0625936541395487,4874.812046500039
605,SUPRAJIT,0.0617345630803961,4837.1213157500315
606,TANLA,0.06151882647710009,4710.889477000033
607,ANANTRAJ,0.061432269668246095,4201.681892499939
608,GSCLCEMENT,0.06091138640794884,4848.471072000029
609,BHARATWIRE,0.060833571060749624,2344.109983749935
610,AGI,0.06050859289038729,3004.444292499975
611,SIEMENS,0.05919745936651022,4769.223117749905
612,RITES,0.05757253401928209,4763.48944975005
613,SREEL,0.05589859547980847,4177.644556249928
614,HERCULES,0.05473150019288742,4630.259911500005
615,KMSUGAR,0.05364036310951079,3806.662912749962
616,SALASAR,0.05313207471201291,4191.336134749945
617,BIGBLOC,0.05004520168563931,4566.064605749896
618,UMANGDAIRY,0.05003801006665767,1010.7408055000269
619,KELLTONTEC,0.047804888297470816,-729.0537720000139
620,HCC,0.045889079941686665,4210.936094499906
621,MMTC,0.045449560346306685,4005.1520822499006
622,VINDHYATEL,0.04423493972702766,3791.9991035000567
623,BAJAJFINSV,0.042656650623538545,2984.213858000061
624,KICL,0.04185462832489234,4212.8577962499985
625,TIIL,0.04005403710606621,2054.2315012499894
626,DEEPAKFERT,0.03814584913411566,2613.6855992500205
627,NOCIL,0.036931473748976776,4171.012709500021
628,JCHAC,0.03675562318724357,4340.592485500005
629,ATFL,0.036400704788778,4333.000277999963
630,RAMKY,0.0353848208114499,1424.8035562499426
631,KPITTECH,0.03376333986674193,2935.1861627500475
632,HERITGFOOD,0.033702739189835754,3318.07283249998
633,TFCILTD,0.0334177907403803,4012.2316017499834
634,RAMCOSYS,0.03243061720439511,4267.947789999947
635,JISLJALEQS,0.03129781798483356,-2134.592233500094
636,GUFICBIO,0.025682067554165817,4032.107931499937
637,PARAGMILK,0.02434917063090475,3259.34421775004
638,BHARATGEAR,0.023681535365872846,3225.337832249992
639,IRCTC,0.023613991489553243,2645.6939915000257
640,LOKESHMACH,0.023288316773938073,3599.985968749883
641,BEML,0.022861276716714934,1741.077373499953
642,RNAVAL,0.01731906650670212,1263.2865575000324
643,CHENNPETRO,0.014416377844244127,3011.137241500095
644,PIONDIST,0.01267024964523283,1343.3325949999125
645,VINYLINDIA,0.011123509526320782,3592.6644875000056
646,LIBAS,0.010200426449994712,-1270.789088500038
647,MENONBE,0.01017807508294971,3817.256390499868
648,KOKUYOCMLN,0.010024220752560195,2520.7929987499665
649,ABCAPITAL,0.009930504575039262,2962.4714749999403
650,BIRLACORPN,0.009791009052909035,2666.7030014999036
651,TNPETRO,0.003990492806739258,2590.6111782499647
652,UNIONBANK,0.002067776160738187,3700.7528820000007
653,SWELECTES,0.0018768635632530003,757.7693037500139
654,GAL,0.0011990907974106853,392.3094775000209
655,ALANKIT,0.0008501660293529984,2664.2612877499632
656,FMGOETZE,-5.065241200647025e-05,581.5848162500188
657,FAIRCHEMOR,-0.00022054241492775552,1763.6315882500057
658,KIRLOSBROS,-0.0006932902726325619,1517.2669987499103
659,GODREJPROP,-0.008455299732243349,2628.675083749986
660,EIHOTEL,-0.00948313086078118,2200.965645750024
661,NACLIND,-0.010541704181846325,-17.36611900004209
662,ATLANTA,-0.011595608588737935,2228.974232249937
663,KSB,-0.012073424435294957,-228.97341774994857
664,ESCORTS,-0.013962408935715216,2678.1400649999705
665,BEPL,-0.016357739461618444,1091.5824242499511
666,TEXRAIL,-0.016801947475593083,2834.829947749997
667,OAL,-0.01716856544136318,964.6802202500257
668,MTEDUCARE,-0.01912169980128973,2435.4891375000298
669,PTC,-0.019357647478981745,342.5353774999676
670,JINDALPOLY,-0.02012630318718429,-527.8157989999163
671,ARMANFIN,-0.02079827062400945,-5195.809963000036
672,BALAMINES,-0.021946816248775876,2669.211634500025
673,METROPOLIS,-0.02321654046684695,2400.688194750008
674,KINGFA,-0.023608901824291467,1767.1630337500537
675,PCBL,-0.023879232553446466,-2572.882646000042
676,JSWHL,-0.026144659917092153,2712.1513962500467
677,JSL,-0.02649041655628541,1305.9699687498796
678,KTKBANK,-0.028610445860935117,908.7359232500021
679,MAHLOG,-0.02899257010591505,2941.046153250034
680,PANAMAPET,-0.029305960443300538,1738.772243499945
681,LT,-0.02941876558262719,1771.3100850000192
682,WABAG,-0.03120715400694316,-474.7357514999021
683,GLOBALVECT,-0.03144858767173032,3593.2964050000155
684,ISFT,-0.033110603568361735,1324.603072999962
685,EXPLEOSOL,-0.03404953744211214,1266.582358499989
686,GMBREW,-0.03458365000586168,2660.02074274997
687,SAKUMA,-0.038296200552703816,916.425087000127
688,KOTHARIPET,-0.04041259360014751,193.42123150001862
689,RELIGARE,-0.04246927461033321,-1386.1804737500206
690,SATIN,-0.045328551628504896,2029.7172382500285
691,TTKHLTCARE,-0.04632586933836453,1892.9041532498813
692,KBCGLOBAL,-0.047006369198391254,109.32791099997121
693,TATAPOWER,-0.04821328655033999,2596.9219057500595
694,CUB,-0.04906064822949434,2311.9866917498875
695,PROZONINTU,-0.04912937703393616,-756.9970887499949
696,PPL,-0.051374883895159734,351.361992250022
697,GODREJAGRO,-0.053629111932373935,2257.1508022500057
698,VMART,-0.054440792633108616,2496.414350750012
699,TIMETECHNO,-0.05497705342056424,1133.9352409999265
700,MALUPAPER,-0.0555642299205828,-1363.6612412501418
701,QUICKHEAL,-0.05592903620854047,2107.926378500022
702,IFGLEXPOR,-0.05725749585124392,-5058.628629500003
703,TCI,-0.058875254498152084,1797.3550382499961
704,SANGINITA,-0.059453966762150784,1249.299725000019
705,GATI,-0.059717264266052505,898.8600557500031
706,TRIL,-0.06020025741209996,1060.6372582500335
707,RAYMOND,-0.06160577136852812,1735.7818377499498
708,AXISCADES,-0.06250827677271097,-1685.1778187500167
709,SUPREMEINF,-0.06433779827674412,-7187.421303750016
710,BFUTILITIE,-0.06559786303013747,813.9682162500976
711,BRFL,-0.06598880915568943,-9096.492140000002
712,INOXWIND,-0.06632585513609472,228.85957249999046
713,GANDHITUBE,-0.06830671204585992,1637.4557217499823
714,URJA,-0.06911571176707923,-8489.34272749997
715,MUNJALSHOW,-0.06918592554731746,-1211.8289902500692
716,MAXVIL,-0.070199078925993,784.2298225000268
717,GICHSGFIN,-0.07100018214325261,-910.4598149999074
718,APOLLOHOSP,-0.07375290639371834,1709.485416749958
719,ANDHRSUGAR,-0.07592398775671762,-3372.9514182500425
720,HILTON,-0.07798995295288694,-4545.627862500056
721,SURYAROSNI,-0.07840909690251613,1256.0461207498884
722,VARDMNPOLY,-0.07884998571711303,1037.3417462500656
723,ARCOTECH,-0.07906892910636724,-3444.405506250041
724,VAISHALI,-0.07909479307112544,1837.8244759999798
725,NRBBEARING,-0.07964147685517187,-791.5995922500733
726,VIKASLIFE,-0.08041233725943576,-2844.488416750013
727,MEP,-0.08191928825061805,-661.959354000006
728,TERASOFT,-0.08360838659986253,-177.1890412499779
729,JAYSREETEA,-0.08374048375560987,279.3933027499879
730,BSOFT,-0.08405583598949959,-6379.372535000104
731,PSPPROJECT,-0.08460136578622825,-429.7950394999789
732,KEI,-0.08789115524055635,-2149.531620499911
733,BHEL,-0.09152875704622473,1491.7802739999897
734,SOLARINDS,-0.09578251118325048,255.09179925001808
735,DYNAMATECH,-0.09630809705958923,2037.4910579998977
736,NIACL,-0.09650853030319707,-1711.3444772500225
737,ADROITINFO,-0.09731723561989651,4.699486250014161
738,SHARDACROP,-0.1026419315315776,-1486.4769850000448
739,HINDPETRO,-0.10327661137998104,699.4911217500921
740,RAMCOIND,-0.1042981534119203,1388.9718872500089
741,VISHNU,-0.10465178017679078,-162.05995900006383
742,INDIANB,-0.10495911788355564,-2377.004934750017
743,GOCLCORP,-0.10642265927211016,-2341.5819062499795
744,THERMAX,-0.10725160406388143,-2438.316416500049
745,NAUKRI,-0.10805491775334568,1650.0884607499465
746,NEWGEN,-0.10854975452110212,1110.1861819999758
747,SOLARA,-0.10991550272000228,831.7529057500651
748,EMAMILTD,-0.11590852002684676,1473.7778255000303
749,20MICRONS,-0.11731244138177721,-7931.927755500161
750,JOCIL,-0.11796366655846377,-83.88115424994612
751,LINDEINDIA,-0.11896274365159505,-3097.27895550002
752,ZENTEC,-0.12414555085408026,-1004.8256082499283
753,STAMPEDE,-0.12514953303148815,-2514.600677499984
754,VIPULLTD,-0.12617074191668454,-2740.425730750052
755,SANCO,-0.126250357817427,-6412.49542000005
756,INDOTECH,-0.1282399212699645,-6304.418010000023
757,RML,-0.13156477772323466,-6558.05904925002
758,GODFRYPHLP,-0.13494835239053973,-199.64315149998583
759,LGBBROSLTD,-0.13756464601134957,-8770.172231249875
760,INGERRAND,-0.13791062985303668,-1672.6605357500084
761,IEX,-0.1399725226709933,-3615.1692640000983
762,CUPID,-0.14207845991637277,-3070.740033749971
763,LUXIND,-0.14292753252985604,-4575.755381000112
764,BRITANNIA,-0.14358948473568278,2014.7128229999944
765,SHARDAMOTR,-0.14531588944196558,-958.3741817501286
766,IRCON,-0.14650348507395666,1712.159830249977
767,PANACEABIO,-0.14654954479979967,1906.7001494999422
768,TATACONSUM,-0.14672464045915257,-1590.0343802499556
769,TALWALKARS,-0.14789073106136105,-219.67449974997726
770,KSL,-0.14804127398789274,-3705.63605299998
771,EDUCOMP,-0.14935750987298424,-8331.748207499972
772,ZYDUSWELL,-0.15148172522493333,945.312111750085
773,HOVS,-0.1526002675927868,-15841.958237500046
774,JBFIND,-0.15326596041900928,-4598.459336249973
775,INSECTICID,-0.15469112116569733,-5955.040525499993
776,EXCELINDUS,-0.15530417449325443,-5354.86494225006
777,BALKRISHNA,-0.1563091331305263,-5319.410649999976
778,ZEEL,-0.15662967854660714,-1085.2845005000127
779,CENTURYTEX,-0.15704468597161714,-9965.150195750015
780,TATACHEM,-0.16234681824407096,-5952.1495579999755
781,CREATIVE,-0.1626155960545677,-1120.180345750021
782,INFIBEAM,-0.1626641563039828,-4676.278019250123
783,DANGEE,-0.16699760160153485,-168.02532250000513
784,IDFCFIRSTB,-0.16733600916629127,-982.9459412499855
785,RGL,-0.17234223924058187,-4791.79379250003
786,DIAMONDYD,-0.17506544388770137,216.59252974993433
787,JINDALPHOT,-0.17755373491204388,-8192.894967499946
788,GOKEX,-0.17802521659323234,-1962.040961250037
789,CSBBANK,-0.18004140046900824,-1275.0406112499331
790,TATASTLLP,-0.18049409465590474,-3029.432554499974
791,NETWORK18,-0.18268638804774712,-3089.9231512501137
792,GREENPLY,-0.18377639447256797,991.1586382500536
793,RCOM,-0.18547482754081077,-15478.633259999973
794,IMFA,-0.18591511037346595,-2624.3610027500254
795,RPOWER,-0.1898284701048609,-17574.779216250085
796,QUESS,-0.1936397957886893,135.16282124991994
797,SHILPAMED,-0.19534237372812757,1356.511304749918
798,SCHAEFFLER,-0.195480830884974,1146.9912529999856
799,BHARATRAS,-0.19626432323042567,-1581.500303750101
800,AAVAS,-0.19704406347349657,-1265.934939999992
801,CAREERP,-0.19810774810629078,-6268.906795249961
802,NRAIL,-0.1990460662575821,-10026.20694800005
803,METALFORGE,-0.2015667956176233,-7512.415319999956
804,UGARSUGAR,-0.201604921024893,-2130.1671252500673
805,FILATEX,-0.2021925613389448,-3358.714541500027
806,TV18BRDCST,-0.20239290357417267,-5621.002472499924
807,GABRIEL,-0.20439608285138944,-4614.735826999968
808,DENORA,-0.20508569488428527,-1033.5983112499962
809,APCOTEXIND,-0.20530370118227464,-5701.250817749911
810,PFIZER,-0.20893886868792447,-937.5979072501359
811,BLISSGVS,-0.21092324157938683,-4479.467861250014
812,POWERMECH,-0.21106975543987713,-10312.616615500097
813,JINDALSAW,-0.2125335672132999,-10304.316471749975
814,RSYSTEMS,-0.21289803144510283,-9377.229433249988
815,PRAKASH,-0.2159451632257675,-4902.201729249937
816,INDRAMEDCO,-0.21674426390709003,-3038.4508939999214
817,GOKULAGRO,-0.21865519169404943,-3979.264251249915
818,HBLPOWER,-0.21877626126118346,-11207.47242025008
819,SUPERHOUSE,-0.22052501602536262,-1522.493255999987
820,FMNL,-0.22144874797497566,-5812.3112037500105
821,LIBERTSHOE,-0.22524121128408175,-3753.4408757499623
822,DBL,-0.2264401230406093,-3298.0660462501546
823,RESPONIND,-0.227782298374803,567.8939235000289
824,SADBHIN,-0.22836802917036306,-7785.118959999934
825,KKCL,-0.23122089136792642,-313.8495755000331
826,ELGIRUBCO,-0.23773809320797631,-552.1027082500805
827,KIRIINDUS,-0.24192777787808586,-3856.045212999976
828,GEOJITFSL,-0.24221439389652605,-10069.38248050012
829,INDNIPPON,-0.2445504977005257,-9176.841027250048
830,GFLLIMITED,-0.2454290681353279,-7542.301101499965
831,3MINDIA,-0.24599427979214744,-2094.7441999999864
832,DEEPENR,-0.24649628245000194,-5943.651691250023
833,SHEMAROO,-0.25085855300438464,-4483.8654572501255
834,RUSHIL,-0.25124886983170136,-1831.8691812500329
835,JETAIRWAYS,-0.2525929766813623,-11091.747707499977
836,CORALFINAC,-0.255861853989217,-11043.217807750101
837,BEL,-0.25734656506417913,-5086.782846249975
838,KOTAKBANK,-0.2577386161449525,-2651.295471750025
839,AHLUCONT,-0.2621263543616338,-7779.863617000039
840,JPINFRATEC,-0.2634844816025781,-12715.038746250037
841,MAGADSUGAR,-0.26604931452781155,-14919.704630499924
842,STAR,-0.26658310048203065,-12491.008154250041
843,KIRLOSENG,-0.27019370622195105,-4436.348710249964
844,SIYSIL,-0.27019610495895374,-13888.583572250063
845,SALZERELEC,-0.2739828418763796,-2032.9885015000473
846,HLVLTD,-0.27849393229111064,-17495.737173750094
847,JINDRILL,-0.27921985859567877,-9998.426146250029
848,BCG,-0.2800230793283809,-10274.219551000002
849,GTL,-0.28025309063792564,-6265.2981400000135
850,TVSSRICHAK,-0.28365382829598634,-6509.386388000028
851,AVANTIFEED,-0.2876673209163796,-1686.514966000017
852,GANESHHOUC,-0.2895078980369154,-6176.558036250019
853,STERTOOLS,-0.29167211294327755,-6422.660102500027
854,CEATLTD,-0.29263147121949956,-12024.14259225005
855,JAMNAAUTO,-0.29809412803262886,-4233.598718000023
856,RKFORGE,-0.2987980637909827,-14545.915008750017
857,IGARASHI,-0.29981377279505794,-6937.845768750005
858,MAITHANALL,-0.30300708221129413,-2258.1242087499413
859,LYKALABS,-0.3087751169416478,-12677.895654999971
860,5PAISA,-0.3089840152525069,-10005.803022000051
861,ORIENTCEM,-0.31064480612215917,-7959.284834000078
862,ZUARI,-0.3108079036857669,-10408.132575000054
863,CINELINE,-0.3187455970211769,-9045.559759999931
864,GOACARBON,-0.31937724815932567,-9472.68985900005
865,APCL,-0.32190127025369825,-12834.41062699999
866,VISHWARAJ,-0.3241413082497565,-2205.4384812500502
867,CENTRALBK,-0.3290813115459815,-9984.957393750024
868,EKC,-0.33123015039168596,-12142.990316749958
869,IBREALEST,-0.3333030936197376,-14066.727401249882
870,SOTL,-0.33398133288152376,-9747.757514249999
871,SYMPHONY,-0.336050682089865,-13857.406626749987
872,SREINFRA,-0.33945898660598517,-27422.86509275
873,TGBHOTELS,-0.3415801545473516,-23332.013190000012
874,VIPIND,-0.34420920450448317,-4906.690841249903
875,KSCL,-0.3449194625981519,-7430.672587250039
876,SPARC,-0.348643728516306,-4025.4261525000184
877,MTNL,-0.3510661915936854,-4271.399805000125
878,NILKAMAL,-0.3549690660806844,-4942.136662249948
879,AEGISCHEM,-0.3593809327795522,-4824.105296749985
880,ASTRAMICRO,-0.36232719876865416,-5972.612828500045
881,COFFEEDAY,-0.36345707259887244,-3760.5470100000675
882,FINCABLES,-0.3634594953421591,-3362.9587510000274
883,JYOTISTRUC,-0.36818961127699495,-9336.478185000014
884,GAYAPROJ,-0.36917858563331685,-6062.8792812500615
885,CENTRUM,-0.36956949379577975,-20715.042597250052
886,WENDT,-0.37214920595581136,-5139.069969249977
887,KANORICHEM,-0.37242170183331863,-6575.841297750056
888,TRIVENI,-0.37280191851309463,-11183.957398500032
889,MUTHOOTCAP,-0.3778656268899823,-6291.655159999995
890,RPGLIFE,-0.3814523289555042,-10900.48852150004
891,DOLLAR,-0.38233357692313114,-7393.362127250046
892,JINDWORLD,-0.382870585565589,-9292.92478875001
893,REDINGTON,-0.3848593461658758,-6529.967115749983
894,USHAMART,-0.3862435528969211,-5388.706882249971
895,VOLTAMP,-0.389380085903099,-9757.752999750024
896,ROLTA,-0.39030406097770665,-17271.93283875016
897,BAJAJHLDNG,-0.40220511750497373,-7843.825020499979
898,DATAMATICS,-0.40401226749868063,-12033.314986249898
899,SMLISUZU,-0.40668076506068784,-9158.581886250118
900,EQUITAS,-0.4098392996134563,-18492.271206749996
901,SOUTHBANK,-0.41061265723591966,-1413.9849797500647
902,AFFLE,-0.41091186779008393,-10969.371984500016
903,RANASUG,-0.4139345286497687,-21425.649061249962
904,VINATIORGA,-0.41470535130190395,-8510.11783149997
905,SAKHTISUG,-0.41492899353615764,-21803.101737500037
906,VIMTALABS,-0.41772826831367704,-14093.795502999972
907,MCLEODRUSS,-0.4221600693636469,-10951.803820500063
908,BIRLAMONEY,-0.42843787015424456,-13219.44589875004
909,SANWARIA,-0.42990206649038615,-8127.991360000073
910,TATAMETALI,-0.4307055027270861,-10271.469552500057
911,IFBAGRO,-0.4308952084316157,-10418.386396250047
912,STARPAPER,-0.43650278885787264,-14123.910231250018
913,ACE,-0.4374669469763516,-16527.605424499896
914,PGHH,-0.4376467585314165,-3432.0260867500765
915,IGPL,-0.43808985284108803,-2934.8897224999528
916,KITEX,-0.44560541976905943,-3111.457345999981
917,HCG,-0.44567789932865043,-11262.490961250063
918,MAHSCOOTER,-0.4483423335836216,-8233.013292750009
919,DFMFOODS,-0.44914239357432034,-13972.17967725001
920,JUSTDIAL,-0.4501960750523619,-3398.0961737499892
921,HIKAL,-0.4529241622026713,-7844.802462500069
922,NECCLTD,-0.4533408039822562,-26232.968953750053
923,NILAINFRA,-0.4534631015849253,-19250.331906250023
924,BUTTERFLY,-0.4584584247212244,-8073.234451500044
925,GAIL,-0.45854630414313907,-16374.193298499973
926,MRF,-0.4644693498516047,-2961.8054712500016
927,COALINDIA,-0.46455330018089713,-6621.482003750018
928,GMDCLTD,-0.4650183003908729,-10819.775704250016
929,JUBLINDS,-0.4657389785599218,-8063.092977500026
930,ARCHIES,-0.4675785597448989,-16633.113400000002
931,SUNDARMHLD,-0.4711658920669577,-13099.762988750052
932,AGARIND,-0.47180987998210877,-14861.801764250078
933,BRIGADE,-0.4724504655995507,-8905.309709749941
934,SNOWMAN,-0.4746811184710083,-12242.284484249947
935,JAGRAN,-0.47765841753354366,-4968.706554250064
936,PREMEXPLN,-0.4796143741098085,-14243.958951249937
937,TATAMOTORS,-0.4837544665333654,-10857.887776249932
938,SOMANYCERA,-0.48757799246337785,-2040.8838969999633
939,JWL,-0.48936713756715167,-2645.0889374999388
940,RSSOFTWARE,-0.4902134525300582,-22643.09629000006
941,SINTEX,-0.4914838804892339,-20476.873281250097
942,BALLARPUR,-0.49174608540619463,-16653.278576249984
943,MURUDCERA,-0.4918360651713262,-18712.207057499938
944,BGRENERGY,-0.49441333003688287,-22851.678138750125
945,DCMSHRIRAM,-0.49773927945174157,-10701.97464474995
946,RBLBANK,-0.5007104917884814,-15055.069692750127
947,HDFC,-0.5007248904625415,-9134.354418499948
948,PUNJLLOYD,-0.5011945517734238,-27113.761437500012
949,SHREYAS,-0.5032175349293607,-16244.92876099993
950,PNB,-0.5060335528585909,-13973.770625750069
951,ORIENTPPR,-0.5063782331912934,-11423.499904499986
952,JAGSNPHARM,-0.5066573113704347,-14039.959152000083
953,KRIDHANINF,-0.5093989112419045,-36700.90219425005
954,ASHOKLEY,-0.510489903346342,-6438.452801000021
955,PITTIENG,-0.5123997899646484,-15142.188292250037
956,KECL,-0.5130235355435853,-19265.101876250163
957,SUMEETINDS,-0.5143406866789179,-19212.175609000013
958,VARROC,-0.514569953500942,-10394.163141749843
959,ALBERTDAVD,-0.5192706334836084,-18319.077530750073
960,TVSELECT,-0.5213577766611213,-17719.761059750002
961,PNCINFRA,-0.5213874014250067,-17466.13859250002
962,GRAPHITE,-0.5240145213503774,-24018.45186699998
963,ARVIND,-0.5248694989469462,-21305.714594000077
964,DISHTV,-0.5275043820257533,-23964.33192550004
965,MUKANDLTD,-0.5299674668757929,-16834.603717749982
966,HINDOILEXP,-0.5305254895198094,-16717.946986250026
967,KALPATPOWR,-0.5306097175266079,-21591.17930075001
968,MAHASTEEL,-0.5319122947869774,-14214.44660625016
969,KAMDHENU,-0.5337103950289277,-10920.026463750037
970,TWL,-0.5389963909189488,-24433.505444499984
971,MRPL,-0.5437385558786356,-5380.828578999994
972,WALCHANNAG,-0.5467002655398322,-16297.709773749986
973,JHS,-0.5564034476988748,-26228.52681250006
974,DIAPOWER,-0.5571858885559532,-12666.95674999994
975,UNOMINDA,-0.558681642786277,-3165.2251762499072
976,OLECTRA,-0.5597020080352062,-20406.492138500093
977,SABTN,-0.5638547799679047,-20746.861121250025
978,BURNPUR,-0.5642833315274413,-20417.284086250074
979,ZENSARTECH,-0.5673072903024852,-9437.344035499962
980,CANBK,-0.5731098722658726,-11876.694863249955
981,DCW,-0.5787887366577331,-10911.577723749928
982,VASCONEQ,-0.5806839616243338,-4918.874063750089
983,GNA,-0.5871416933357436,-13122.978724250046
984,SUZLON,-0.5880041188243184,-21743.132796250065
985,ASHIANA,-0.5942251782694996,-12828.898936500074
986,SSWL,-0.5968084382626909,-4903.401512500073
987,SKIPPER,-0.6034821783359317,-29201.784004500078
988,UNICHEMLAB,-0.6122024131468777,-492.1616994999931
989,HITECHGEAR,-0.6126491565677199,-26288.24650350005
990,RMCL,-0.6151839159176598,-12119.030618749981
991,LUMAXIND,-0.6157809322280463,-8636.047765750016
992,KDDL,-0.6257864508999119,-7446.207403499968
993,COFORGE,-0.6281860404425575,-21174.85464525003
994,MUTHOOTFIN,-0.6330078767271125,-5941.1570257500425
995,THOMASCOOK,-0.6340538005298315,-11722.157824500086
996,BLKASHYAP,-0.6424338160034259,-19978.31356499996
997,HINDCOMPOS,-0.649414842575914,-10809.30118275006
998,KIOCL,-0.6528064308322615,-7999.443220250076
999,PEL,-0.6542337130469513,-10637.960951250017
1000,TRIGYN,-0.6682062888060673,-15949.013624000043
1001,GTPL,-0.6735318591176416,-6626.146954250027
1002,JPASSOCIAT,-0.6746400500315676,-13679.887705000074
1003,INDUSINDBK,-0.6748073837284191,-4712.518901250078
1004,NAVKARCORP,-0.6756321733128904,-8421.302547500018
1005,FLUOROCHEM,-0.6869637164295413,-5078.796360999942
1006,DAAWAT,-0.6881926226871082,-22595.28815500003
1007,ABAN,-0.691283029440901,-13813.297251250042
1008,SAKSOFT,-0.6922632970519795,-22069.67371875004
1009,TEXMOPIPES,-0.698319120897836,-20322.803139999945
1010,TIMKEN,-0.6990124562381892,-12845.53045900003
1011,INDIAGLYCO,-0.7002083152426455,-25607.093829500067
1012,GPTINFRA,-0.7016001890237309,-20992.351181000136
1013,NESCO,-0.7031300927436681,-8168.097582000031
1014,KAYA,-0.704527316972658,-13235.209261250056
1015,JKTYRE,-0.707030004775015,-21726.763830749987
1016,DHANBANK,-0.7095124978186058,-13897.747222500038
1017,KRBL,-0.7095384318022923,-11750.09664624995
1018,BBOX,-0.7103494036577878,-12561.500701250014
1019,WONDERLA,-0.7107944212104729,-6595.323556750067
1020,AUTOAXLES,-0.7119125585191348,-17115.453880999994
1021,RELCAPITAL,-0.7145185035693066,-34368.332297249945
1022,OMINFRAL,-0.7176773728318877,-18325.876195500066
1023,BARTRONICS,-0.7249800869189258,-27253.146731250104
1024,ARSSINFRA,-0.7254334549596644,-16011.003031250046
1025,SHREYANIND,-0.7270542561920906,-15214.217422000074
1026,SMSPHARMA,-0.7505647627167424,-14469.501730500037
1027,CCL,-0.7519809008686648,-12928.405094499962
1028,RUBYMILLS,-0.7527740153273406,-21579.180885500027
1029,UNITECH,-0.7574118822939007,-24652.177966250034
1030,SUVEN,-0.7589806926344843,-56710.345130249974
1031,YAARI,-0.7613462878414119,-34811.5279237501
1032,NCC,-0.7630891093805455,-29817.992365250044
1033,HONDAPOWER,-0.7647324760753019,-10588.96502950009
1034,IOC,-0.7652832645608648,-1256.5337370000343
1035,ANDHRAPAP,-0.7724525884015732,-33902.327899000054
1036,HGINFRA,-0.7729334282386178,-28866.257599249962
1037,RBL,-0.776413108546296,-3715.4925002499804
1038,DCAL,-0.7835726523154616,-19465.32762874996
1039,FEL,-0.7840508331363172,-15172.379138749995
1040,SHANKARA,-0.7853245730492731,-17090.86906724995
1041,PRESTIGE,-0.7874957777489725,-16551.80442725004
1042,IVC,-0.7876032533312494,-34468.52383050014
1043,NTPC,-0.7880113501688601,-7886.62542525008
1044,SMSLIFE,-0.7930640821401443,-25112.39204250001
1045,MERCATOR,-0.8008555584524389,-23169.986203750013
1046,CEREBRAINT,-0.8101241705401753,-25433.78017000007
1047,ARVINDFASN,-0.8193268332563409,-8091.633263250085
1048,KSK,-0.8250043941161147,-46281.17710250004
1049,IMAGICAA,-0.8278542279425793,-22505.785035000095
1050,BANKINDIA,-0.8296843914936782,-20284.07977049997
1051,NSIL,-0.8336800233169854,-16318.011053749986
1052,INTELLECT,-0.8345931910948324,-22085.86808025003
1053,COCHINSHIP,-0.8346567116974393,-11400.195424749982
1054,HITECHCORP,-0.8388803599896307,-32305.79619850003
1055,BOMDYEING,-0.8459776530889584,-18622.14586749996
1056,NOIDATOLL,-0.854475606068913,-21441.856728750092
1057,ORICONENT,-0.8551995195049482,-27287.853620750015
1058,OPTIEMUS,-0.8563495941035313,-24852.822741249984
1059,ZUARIIND,-0.8564872999778504,-32720.53427350003
1060,VIVIMEDLAB,-0.8597016597412469,-30839.918913500078
1061,LOVABLE,-0.8626970315664454,-16297.75810875
1062,JUBLFOOD,-0.8707470795729785,-15579.295945500053
1063,PRECAM,-0.8721533123724932,-18012.209316500215
1064,ORISSAMINE,-0.8808154191298059,-24332.651652500033
1065,BHAGYANGR,-0.8888748809620937,-22882.759208749936
1066,RECLTD,-0.8937979035958642,-16190.173596499895
1067,BODALCHEM,-0.8991395718382288,-28259.771187749997
1068,SWSOLAR,-0.900148522126412,-31320.230260250057
1069,PFC,-0.9016365396790991,-7489.715647500037
1070,SEPC,-0.907128603051078,-46541.99576500018
1071,APEX,-0.9075870784185525,-14538.757026999898
1072,CAPTRUST,-0.9076375332220927,-7347.0116995000135
1073,ELGIEQUIP,-0.9083963291715117,-3507.5225102500845
1074,PATELENG,-0.9122466474199263,-43212.97494400012
1075,TRIDENT,-0.9179434367964232,-13862.775693000032
1076,WOCKPHARMA,-0.9187395982984186,-27388.964442499957
1077,REFEX,-0.9246878408998168,-29054.318599000122
1078,SARLAPOLY,-0.9262492057877458,-29634.669190750035
1079,BANDHANBNK,-0.9285196726958598,-27700.35302799997
1080,HFCL,-0.9287176753366628,-13738.207648249983
1081,MBLINFRA,-0.9311499638873978,-19575.86295000017
1082,SUNCLAYLTD,-0.9390116763406995,-25167.15188499994
1083,UFO,-0.9400501100959076,-16884.908468250054
1084,CAPLIPOINT,-0.9404690188427768,-26873.265195750122
1085,BOSCHLTD,-0.9413172826335766,-17786.609053500055
1086,PATANJALI,-0.9492063560359038,-54934.67894125001
1087,DEN,-0.951411476638736,-34759.863292499955
1088,ASTRON,-0.951980150900318,-19979.73324999989
1089,RAIN,-0.9578878159596033,-26837.955703249958
1090,KOHINOOR,-0.9630899172220695,-32538.766228750043
1091,APOLLO,-0.9659765137155505,-10760.393670000034
1092,SKMEGGPROD,-0.9788108907403889,-14846.834829999978
1093,MITTAL,-0.980238799149652,-43716.73702899997
1094,MAHINDCIE,-0.9812281688880571,-20410.79541775002
1095,RENUKA,-0.9838175350413345,-9731.628977499975
1096,SIMPLEXINF,-0.9844083716022822,-27333.93335450001
1097,ADANIPOWER,-0.989439829685536,-10772.270991250029
1098,SELAN,-0.9927040701007326,-24222.8522522501
1099,ENGINERSIN,-0.9928427926134,-6678.290736000083
1100,PNBHOUSING,-1.0056996478831175,-28883.114194999944
1101,GAEL,-1.0185275490211372,-26640.289692749895
1102,CARERATING,-1.0195398626659053,-16736.494049
1103,RHFL,-1.019648161276994,-30448.077415500156
1104,PDMJEPAPER,-1.0314177339144535,-23847.832386750044
1105,HIMATSEIDE,-1.039093312370714,-17770.16092499999
1106,RANEHOLDIN,-1.046254736240902,-13385.767622250103
1107,EROSMEDIA,-1.047446023769079,-25629.202890000044
1108,DHANI,-1.0498580620543088,-29776.90712399999
1109,SWANENERGY,-1.0620300035782464,-16519.573904000004
1110,SITINET,-1.0642522493008753,-21928.310281250102
1111,NATIONALUM,-1.0650229735035885,-16930.788188999955
1112,CMICABLES,-1.0685142111912647,-17523.188335750005
1113,RELINFRA,-1.0784786214351834,-51785.33115350004
1114,AUROPHARMA,-1.083275134562313,-17695.155352000074
1115,TIRUMALCHM,-1.0918430652620525,-43470.209751000075
1116,VIDEOIND,-1.1011445594553622,-52726.85238250005
1117,ACCELYA,-1.101527302904831,-3178.8689117500326
1118,INDTERRAIN,-1.1089940894757455,-28069.607525000058
1119,PRIMESECU,-1.1144004422854665,-38348.085747999976
1120,INDSWFTLAB,-1.1169207533368675,-11796.643772499956
1121,ARIES,-1.1256888912089142,-15686.452985249984
1122,HEG,-1.1284423339488683,-24533.72618975
1123,ZEELEARN,-1.1403721357629055,-11984.029699000006
1124,NLCINDIA,-1.1405604055584069,-18789.990764250062
1125,VRLLOG,-1.157339745324553,-18893.842488749986
1126,TPLPLASTEH,-1.1661824195153396,-19691.58226899989
1127,FIEMIND,-1.171646593785992,-22053.36526450001
1128,SHRIRAMFIN,-1.1724002365696327,-9686.22453175002
1129,HUBTOWN,-1.194040421662843,-24623.875564999995
1130,RTNPOWER,-1.2264288194518378,-30732.265153750064
1131,SCI,-1.22880887539226,-13612.537738750005
1132,MANAKSIA,-1.2313603581535044,-24148.69835874997
1133,OMKARCHEM,-1.2374906433206943,-44352.30874750003
1134,NAHARINDUS,-1.2399746242679832,-17107.14539125
1135,JBMA,-1.244181611079991,-12894.64087225005
1136,HONAUT,-1.248231248864983,-9094.440957749961
1137,AKSHOPTFBR,-1.2502521202176675,-45517.83478625001
1138,PFOCUS,-1.2675576258202976,-39201.174730000086
1139,BINDALAGRO,-1.2740669341664463,-31591.436950500036
1140,RALLIS,-1.2909169598633274,-7985.976750250105
1141,TITAN,-1.291177268723009,-9562.253413249942
1142,BANG,-1.2944733247270586,-29004.930638750055
1143,MOKSH,-1.3146813015847856,-22649.356673750037
1144,FRETAIL,-1.3180492009674702,-26914.814109999963
1145,OMAXE,-1.3249915611035459,-28765.848986750018
1146,JSWISPL,-1.3261332689427605,-34433.604967500054
1147,BASF,-1.331872638687471,-18069.8022185
1148,MOHITIND,-1.332928743672411,-13663.778852500007
1149,AGRITECH,-1.3334909531474988,-33975.930718749994
1150,JMTAUTOLTD,-1.3605017806534243,-22937.356160000054
1151,SARDAEN,-1.3650350763438028,-14681.964615750068
1152,MARKSANS,-1.3893678121530009,-19613.81891550013
1153,CREDITACC,-1.395003076587752,-31925.711842500023
1154,INCREDIBLE,-1.418408514667686,-14505.871826250004
1155,AURIONPRO,-1.4248731949824804,-22018.189932250112
1156,BROOKS,-1.4330556816148226,-39595.663481750016
1157,HSCL,-1.4341070111852088,-33290.17222549995
1158,A2ZINFRA,-1.43463422675683,-26404.17265625007
1159,OPTOCIRCUI,-1.4350260877568517,-30472.116390000025
1160,ORBTEXP,-1.435330264976764,-11611.191971999913
1161,SUNDARMFIN,-1.4556033294616277,-13489.599994750068
1162,TCNSBRANDS,-1.4644712107204598,-17919.618999999948
1163,KSHITIJPOL,-1.470560102279895,-41054.556943749936
1164,INDBANK,-1.4894986550257256,-36122.959157500074
1165,SANGHVIMOV,-1.530324350628362,-24095.43089099988
1166,ITDC,-1.5430973958174738,-21963.58486825008
1167,GODREJCP,-1.5624114096099468,-24971.082411000025
1168,DHARSUGAR,-1.5781293697380823,-11655.719425000003
1169,SECURKLOUD,-1.6051977520385685,-46711.733541249996
1170,DREDGECORP,-1.6118623636563885,-19026.434039249973
1171,UJJIVANSFB,-1.61690954830885,-19835.585027500027
1172,ROLLT,-1.656718195897472,-9742.98852625012
1173,JAICORPLTD,-1.6707758639612598,-23398.24659475003
1174,SRPL,-1.6923101988131097,-2071.2861650000123
1175,ACCURACY,-1.6932410198278016,-23103.2416715
1176,BANKBARODA,-1.7120647744890956,-20660.252196250105
1177,KARURVYSYA,-1.7173923829945785,-15241.511717499976
1178,ALPHAGEO,-1.718613838297149,-40324.37965150006
1179,AMRUTANJAN,-1.7365910568083438,-15897.251410750003
1180,INDIAMART,-1.750226451669292,-20619.340973249957
1181,TAJGVK,-1.7581693825221676,-9473.094876000046
1182,AJANTPHARM,-1.7927277452828814,-12232.766702249952
1183,INTENTECH,-1.795989003938412,-25429.94087000008
1184,HTMEDIA,-1.8035067294211087,-13759.890549250078
1185,SUNFLAG,-1.81118894676521,-28200.67120625009
1186,MOREPENLAB,-1.8357863215031116,-29151.937224999972
1187,63MOONS,-1.8773176815788786,-21876.31169150003
1188,PRECWIRE,-1.8781029777358937,-33615.84845300004
1189,BORORENEW,-1.892946039034201,-39480.52288000006
1190,VSTTILLERS,-1.8997075455427774,-20186.459543250006
1191,SAFARI,-2.0124608600271987,-14391.292631999997
1192,ADSL,-2.0210830094639776,-22824.797862499894
1193,SUNDARAM,-2.02378831295792,-18220.397123750037
1194,EDELWEISS,-2.029661211264681,-34383.82642825003
1195,VAKRANGEE,-2.0681728864076123,-52376.953983499916
1196,ATLASCYCLE,-2.167734089167439,-44881.785823749975
1197,FCONSUMER,-2.1881975927019375,-40249.59948125007
1198,SBIN,-2.1978787802210102,-14491.675641749986
1199,EMCO,-2.2557794925185335,-16499.730014999906
1200,ICIL,-2.3262179238086387,-9355.414082999996
1201,GNFC,-2.3420572117740814,-16496.98950474996
1202,MANGCHEFER,-2.373839945500813,-27646.264011499967
1203,JKPAPER,-2.4292570046524458,-14981.443692
1204,AARTIDRUGS,-2.458767679350038,-4548.018556250012
1205,MANGALAM,-2.4739596599897404,-33573.72332875007
1206,MAYURUNIQ,-2.549009123678795,-28160.62336375001
1207,RADIOCITY,-2.549957417907487,-24883.674167500052
1208,WELENT,-2.589631581607598,-23075.25844175002
1209,TVVISION,-2.7202211266249354,-49312.865687500016
1210,YESBANK,-2.989320620120909,-39276.022997999986
1211,KHAICHEM,-3.101298764347766,-7006.223462749986
1212,MOHOTAIND,-3.487548563462031,-17569.57078824997
1213,AARTISURF,-3.5548354540159783,-6136.317499749988
1214,SICAL,-4.120112017019536,-30474.57810000007
1215,SHRENIK,-4.329623873290004,-50736.0215725
1216,EICHERMOT,-4.750402302909649,-38744.81008399999
1217,HDIL,-4.7778057671901415,-16383.99468625011
1218,KEC,-7.626883353988173,-17053.76880800005
1219,WHEELS,-16.833808738599142,-17318.066903750063
1220,KPIGREEN,,0.0
