,open_dt,close_dt,symbol,amount,buy,sell,long,pnl,rt_returns,duration,returns
0,2018-07-03 09:17:00+05:30,2018-07-10 09:17:00+05:30,BANKNIFTY20180726FUT,50.0,26775.35,26193.71,False,-29081.99999999997,-0.021722965339388632,7 days 00:00:00,-0.100895416464375
1,2018-07-09 09:17:00+05:30,2018-07-12 09:22:00+05:30,NIFTY20180726FUT,50.0,10838.17,11002.95,True,8239.000000000033,0.015203673682918856,3 days 00:05:00,0.029339874545417238
2,2018-07-10 09:17:00+05:30,2018-07-26 15:16:00+05:30,BANKNIFTY20180830FUT,50.0,26775.35,27390.52,True,30758.500000000095,0.02297523655152974,16 days 05:59:00,0.11159045264470333
3,2018-07-13 09:17:00+05:30,2018-07-26 15:16:00+05:30,NIFTY20180830FUT,50.0,11041.21,11162.77,True,6078.0000000000655,0.01100966289020871,13 days 05:59:00,
4,2018-07-26 15:16:00+05:30,2018-07-27 09:17:00+05:30,BANKNIFTY20180830FUT,50.0,27450.74,27499.5,True,2437.99999999992,0.0017762726979308535,0 days 18:01:00,0.007518228697917478
5,2018-07-26 15:16:00+05:30,2018-07-27 09:29:00+05:30,NIFTY20180830FUT,50.0,11205.69,11241.75,True,1802.9999999999745,0.003218007994152925,0 days 18:13:00,0.0055600354152360405
6,2018-07-27 09:17:00+05:30,2018-08-09 09:57:00+05:30,BANKNIFTY20180830FUT,50.0,27510.5,28263.15,True,37632.50000000007,0.02735864488104547,13 days 00:40:00,
7,2018-07-30 09:17:00+05:30,2018-08-20 09:18:00+05:30,NIFTY20180830FUT,50.0,11326.01,11526.69,True,10034.000000000015,0.017718508106561826,21 days 00:01:00,0.02989108877650392
8,2018-08-16 09:17:00+05:30,2018-08-30 15:16:00+05:30,BANKNIFTY20180927FUT,50.0,28106.72,27876.12,False,-11530.00000000011,-0.00820444363483189,14 days 05:59:00,-0.0330756056134785
9,2018-08-23 09:17:00+05:30,2018-08-30 15:16:00+05:30,NIFTY20180927FUT,50.0,11604.87,11673.11,True,3411.999999999989,0.005880289912769361,7 days 05:59:00,0.009432958646926651
10,2018-08-30 15:16:00+05:30,2018-09-05 14:04:00+05:30,NIFTY20180927FUT,50.0,11735.35,11437.61,True,-14886.999999999989,-0.02537120750552815,5 days 22:48:00,-0.04173300837634485
11,2018-08-30 15:16:00+05:30,2018-09-11 14:19:00+05:30,BANKNIFTY20180927FUT,50.0,27121.17,28224.6,False,55171.500000000015,0.04068519167867759,11 days 23:03:00,0.15466330836538675
12,2018-09-17 09:17:00+05:30,2018-09-19 14:20:00+05:30,NIFTY20180927FUT,50.0,11274.6,11449.51,False,8745.499999999993,0.015513632412679817,2 days 05:03:00,0.020643923768909368
13,2018-09-17 09:17:00+05:30,2018-09-21 12:40:00+05:30,BANKNIFTY20180927FUT,50.0,26267.6,26959.61,False,34600.5000000001,0.02634462227230512,4 days 03:23:00,0.08167515686537663
14,2018-09-25 09:17:00+05:30,2018-09-26 09:17:00+05:30,NIFTY20180927FUT,50.0,11131.33,10969.06,False,-8113.500000000022,-0.014577772826787135,1 days 00:00:00,-0.0202712669538099
15,2018-09-25 09:17:00+05:30,2018-09-26 09:17:00+05:30,BANKNIFTY20180927FUT,50.0,25463.24,24854.18,False,-30453.000000000065,-0.023919187031972416,1 days 00:00:00,-0.07608564645891076
16,2018-09-27 09:17:00+05:30,2018-09-27 15:16:00+05:30,BANKNIFTY20181025FUT,50.0,25029.95,25319.94,False,14499.499999999898,0.011585720307072046,0 days 05:59:00,0.034803050426942296
17,2018-09-28 09:17:00+05:30,2018-10-01 11:30:00+05:30,NIFTY20181025FUT,50.0,10871.12,11086.78,False,10782.999999999993,0.01983788238930302,3 days 02:13:00,0.09065187113171759
18,2018-10-03 09:17:00+05:30,2018-10-04 09:17:00+05:30,NIFTY20181025FUT,50.0,10788.56,11001.6,False,10652.000000000044,0.019746842952164226,1 days 00:00:00,
19,2018-10-05 09:17:00+05:30,2018-10-05 15:13:00+05:30,NIFTY20181025FUT,50.0,10362.07,10555.89,False,9690.999999999985,0.018704756868077488,0 days 05:56:00,0.023334358464947177
20,2018-09-27 15:16:00+05:30,2018-10-05 15:17:00+05:30,BANKNIFTY20181025FUT,50.0,24405.98,25161.32,False,37767.00000000001,0.03094897234202438,8 days 00:01:00,
21,2018-10-08 09:17:00+05:30,2018-10-10 10:02:00+05:30,NIFTY20181025FUT,50.0,10435.04,10313.99,False,-6052.500000000055,-0.011600338858308265,2 days 00:45:00,-0.0125359716625941
22,2018-10-11 09:17:00+05:30,2018-10-12 09:17:00+05:30,BANKNIFTY20181025FUT,50.0,24702.94,25246.55,True,27180.50000000003,0.022005882700601654,1 days 00:00:00,0.05304076031340859
23,2018-10-11 09:17:00+05:30,2018-10-12 09:21:00+05:30,NIFTY20181025FUT,50.0,10214.49,10406.47,True,9598.999999999978,0.018794868857867554,1 days 00:04:00,0.018731747327989087
24,2018-10-15 09:17:00+05:30,2018-10-17 09:17:00+05:30,NIFTY20181025FUT,50.0,10468.44,10688.01,True,10978.499999999985,0.020974471841076578,2 days 00:00:00,0.02048206059921307
25,2018-10-22 09:17:00+05:30,2018-10-22 15:14:00+05:30,NIFTY20181025FUT,50.0,10214.74,10351.03,False,6814.500000000044,0.013342483509125135,0 days 05:57:00,-0.03057150667295213
26,2018-10-15 09:17:00+05:30,2018-10-23 09:17:00+05:30,BANKNIFTY20181025FUT,50.0,25243.0,24915.27,True,-16386.499999999978,-0.012983005189557483,8 days 00:00:00,0.01327941644072635
27,2018-10-24 09:17:00+05:30,2018-10-25 10:44:00+05:30,NIFTY20181025FUT,50.0,10082.97,10248.5,False,8276.500000000033,0.016416789894247497,1 days 01:27:00,0.015446255699032012
28,2018-10-24 09:17:00+05:30,2018-10-25 15:16:00+05:30,BANKNIFTY20181129FUT,50.0,24803.96,25203.71,False,19987.5,0.016116378191224304,1 days 05:59:00,0.037302245609182764
29,2018-10-25 15:16:00+05:30,2018-10-26 14:15:00+05:30,BANKNIFTY20181129FUT,50.0,24631.38,24913.02,False,14081.99999999997,0.011434194917215333,0 days 22:59:00,0.02524062161331015
30,2018-10-26 09:17:00+05:30,2018-10-29 15:02:00+05:30,NIFTY20181129FUT,50.0,10264.05,10111.03,False,-7650.999999999931,-0.014908345146408935,3 days 05:45:00,
31,2018-10-31 09:17:00+05:30,2018-10-31 15:07:00+05:30,NIFTY20181129FUT,50.0,10264.0,10396.72,True,6635.999999999967,0.012930631332813655,0 days 05:50:00,-0.058425775851489226
32,2018-10-30 09:17:00+05:30,2018-11-02 09:21:00+05:30,BANKNIFTY20181129FUT,50.0,25641.18,25003.35,False,-31891.500000000087,-0.024875220251174154,3 days 00:04:00,0.012448438449759656
33,2018-11-01 09:17:00+05:30,2018-11-02 14:00:00+05:30,NIFTY20181129FUT,50.0,10430.19,10623.92,True,9686.499999999978,0.018573966533687265,1 days 04:43:00,0.018257664817056703
34,2018-11-06 09:17:00+05:30,2018-11-19 14:40:00+05:30,NIFTY20181129FUT,50.0,10597.07,10756.85,True,7989.000000000033,0.015077752624074452,13 days 05:23:00,0.015128923367373063
35,2018-11-09 09:17:00+05:30,2018-11-27 10:50:00+05:30,BANKNIFTY20181129FUT,50.0,25707.64,26423.76,True,35805.99999999995,0.027856310419781784,18 days 01:33:00,
36,2018-12-13 09:17:00+05:30,2018-12-24 14:50:00+05:30,NIFTY20181227FUT,50.0,10825.31,10671.87,True,-7671.9999999999345,-0.014174189930819411,11 days 05:33:00,-0.01341250815685728
37,2018-12-26 09:17:00+05:30,2018-12-27 09:17:00+05:30,NIFTY20181227FUT,50.0,10825.16,10614.88,False,-10514.000000000033,-0.019425117042150015,1 days 00:00:00,-0.0021197427190028143
38,2018-12-13 09:17:00+05:30,2018-12-27 15:16:00+05:30,BANKNIFTY20190131FUT,50.0,26888.88,26864.63,True,-1212.5,-0.0009018598022677032,14 days 05:59:00,-0.018973770918226083
39,2018-12-31 09:17:00+05:30,2019-01-02 13:37:00+05:30,NIFTY20190131FUT,50.0,10965.14,10791.79,True,-8667.499999999927,-0.015809191674707165,2 days 04:20:00,0.05019846341239894
40,2018-12-27 15:16:00+05:30,2019-01-08 15:14:00+05:30,BANKNIFTY20190131FUT,50.0,27021.6,27590.48,True,28444.00000000005,0.0210527873997099,11 days 23:58:00,-0.01497393869542507
41,2019-01-09 09:17:00+05:30,2019-01-25 15:00:00+05:30,BANKNIFTY20190131FUT,50.0,27747.5,27124.32,True,-31159.000000000015,-0.022458960266690704,16 days 05:43:00,0.016663484875510677
42,2019-01-07 09:17:00+05:30,2019-01-28 13:35:00+05:30,NIFTY20190131FUT,50.0,10671.08,10862.48,False,9569.999999999982,0.017936328843940787,21 days 04:18:00,-0.054930978667338766
43,2019-01-29 09:17:00+05:30,2019-01-31 15:02:00+05:30,NIFTY20190131FUT,50.0,10837.77,10642.47,False,-9765.000000000055,-0.018020312296717966,2 days 05:45:00,-0.021126089944217188
44,2019-01-28 09:17:00+05:30,2019-01-31 15:16:00+05:30,BANKNIFTY20190228FUT,50.0,27302.16,27063.94,False,-11911.000000000058,-0.008725316971257994,3 days 05:59:00,-0.017337415742867172
45,2019-02-01 09:17:00+05:30,2019-02-06 13:10:00+05:30,NIFTY20190228FUT,50.0,10885.23,11061.79,True,8828.000000000065,0.01622014417701797,5 days 03:53:00,0.04927376161771567
46,2019-02-11 09:17:00+05:30,2019-02-15 09:59:00+05:30,NIFTY20190228FUT,50.0,10722.09,10907.37,False,9264.000000000033,0.017280213092783277,4 days 00:42:00,
47,2019-02-21 09:17:00+05:30,2019-02-27 09:33:00+05:30,NIFTY20190228FUT,50.0,10904.18,10748.05,False,-7806.500000000051,-0.014318362316102725,6 days 00:16:00,0.016846786712751707
48,2019-01-31 15:16:00+05:30,2019-02-28 15:16:00+05:30,BANKNIFTY20190328FUT,50.0,26792.66,27324.53,False,26593.49999999995,0.019851332417161974,28 days 00:00:00,-0.013872823042808034
49,2019-03-01 09:17:00+05:30,2019-03-06 09:17:00+05:30,NIFTY20190328FUT,50.0,11063.11,10892.77,False,-8517.000000000007,-0.015397117085521174,5 days 00:00:00,-0.06727749863043417
50,2019-02-28 15:16:00+05:30,2019-03-06 09:17:00+05:30,BANKNIFTY20190328FUT,50.0,27700.04,26957.96,False,-37104.00000000009,-0.026789853011042645,5 days 18:01:00,
51,2019-03-06 09:17:00+05:30,2019-03-12 09:17:00+05:30,NIFTY20190328FUT,50.0,11063.11,11267.7,True,10229.500000000007,0.018492991572894073,6 days 00:00:00,0.019462508657719906
52,2019-03-06 09:17:00+05:30,2019-03-12 13:15:00+05:30,BANKNIFTY20190328FUT,50.0,27700.04,28403.32,True,35163.99999999994,0.02538913301208225,6 days 03:58:00,0.0669025518783969
53,2019-03-12 09:17:00+05:30,2019-03-15 12:32:00+05:30,NIFTY20190328FUT,50.0,11272.2,11458.71,True,9325.49999999992,0.016546015862032113,3 days 03:15:00,0.016419110277368115
54,2019-03-14 09:17:00+05:30,2019-03-18 09:34:00+05:30,BANKNIFTY20190328FUT,50.0,29042.81,29824.03,True,39060.999999999876,0.02689891232976415,4 days 00:17:00,0.06561565927846406
55,2019-03-19 09:17:00+05:30,2019-03-28 15:16:00+05:30,BANKNIFTY20190425FUT,50.0,29720.89,30419.11,True,34911.00000000006,0.023492567012629875,9 days 05:59:00,0.0026590929326090478
56,2019-03-18 09:17:00+05:30,2019-03-28 15:16:00+05:30,NIFTY20190425FUT,50.0,11534.56,11567.49,True,1646.5000000000146,0.0028548986697368856,10 days 05:59:00,0.05598290227546269
57,2019-03-28 15:16:00+05:30,2019-03-29 09:17:00+05:30,NIFTY20190425FUT,50.0,11672.43,11674.66,True,111.49999999997817,0.00019104847919409785,0 days 18:01:00,0.0001735322374883734
58,2019-03-28 15:16:00+05:30,2019-03-29 09:17:00+05:30,BANKNIFTY20190425FUT,50.0,30556.11,30525.34,True,-1538.5000000000218,-0.0010069999093471138,0 days 18:01:00,-0.0023944336087526326
59,2019-03-29 09:17:00+05:30,2019-04-08 14:23:00+05:30,BANKNIFTY20190425FUT,50.0,30537.56,29886.02,True,-32577.000000000044,-0.021335692832040308,10 days 05:06:00,
60,2019-04-10 09:17:00+05:30,2019-04-25 15:16:00+05:30,BANKNIFTY20190530FUT,50.0,29558.01,30242.95,False,34247.00000000012,0.023172737271555235,15 days 05:59:00,-0.007069653934297726
61,2019-04-01 09:17:00+05:30,2019-04-25 15:16:00+05:30,NIFTY20190530FUT,50.0,11731.35,11639.27,True,-4603.999999999996,-0.007849054030439798,24 days 05:59:00,0.0550036188324221
62,2019-04-25 15:16:00+05:30,2019-05-07 15:02:00+05:30,NIFTY20190530FUT,50.0,11728.95,11544.69,True,-9213.000000000011,-0.015709846149911135,11 days 23:46:00,-0.014711506448360043
63,2019-04-25 15:16:00+05:30,2019-05-08 09:17:00+05:30,BANKNIFTY20190530FUT,50.0,29316.56,29773.99,False,22871.500000000015,0.01560312669699311,12 days 18:01:00,0.03652167803469734
64,2019-05-08 09:17:00+05:30,2019-05-09 13:54:00+05:30,NIFTY20190530FUT,50.0,11302.21,11480.7,False,8924.50000000008,0.015792486602177944,1 days 04:37:00,0.013162826561290624
65,2019-05-10 09:17:00+05:30,2019-05-20 09:17:00+05:30,NIFTY20190530FUT,50.0,11670.18,11358.98,False,-15560.000000000036,-0.026666255361956777,10 days 00:00:00,-0.07118353950670207
66,2019-05-08 09:17:00+05:30,2019-05-20 09:17:00+05:30,BANKNIFTY20190530FUT,50.0,30270.1,29304.84,False,-48262.99999999992,-0.03188823294273882,12 days 00:00:00,
67,2019-05-21 09:17:00+05:30,2019-05-21 14:37:00+05:30,NIFTY20190530FUT,50.0,11862.82,11715.56,True,-7363.000000000011,-0.01241357451263698,0 days 05:20:00,-0.012607715877597129
68,2019-05-22 09:17:00+05:30,2019-05-23 09:23:00+05:30,NIFTY20190530FUT,50.0,11714.34,11953.41,True,11953.499999999985,0.02040832005900458,1 days 00:06:00,0.07327646248348382
69,2019-05-21 09:17:00+05:30,2019-05-23 10:45:00+05:30,BANKNIFTY20190530FUT,50.0,30869.12,31725.0,True,42794.00000000005,0.027726090021354708,2 days 01:28:00,0.01854397231387336
70,2019-05-28 09:17:00+05:30,2019-05-30 15:16:00+05:30,BANKNIFTY20190627FUT,50.0,31606.27,31528.69,True,-3879.0000000000873,-0.0024545762597105495,2 days 05:59:00,-0.006159563174387154
71,2019-05-30 15:16:00+05:30,2019-05-31 12:02:00+05:30,BANKNIFTY20190627FUT,50.0,31597.87,31207.96,True,-19495.499999999993,-0.012339755812654457,0 days 20:46:00,-0.03142995637014868
72,2019-06-06 09:17:00+05:30,2019-06-07 09:31:00+05:30,BANKNIFTY20190627FUT,50.0,30721.14,31522.04,False,40045.00000000007,0.026069996100405175,1 days 00:14:00,0.06068690667826798
73,2019-06-13 09:17:00+05:30,2019-06-18 14:54:00+05:30,NIFTY20190627FUT,50.0,11676.28,11889.62,False,10667.000000000007,0.018271230220583967,5 days 05:37:00,0.01571459618010534
74,2019-06-20 09:17:00+05:30,2019-06-20 15:04:00+05:30,NIFTY20190627FUT,50.0,11850.37,11710.71,False,-6983.000000000084,-0.01178528602904396,0 days 05:47:00,-0.027293927386220048
75,2019-06-24 09:17:00+05:30,2019-06-27 11:12:00+05:30,NIFTY20190627FUT,50.0,11903.43,11775.29,False,-6406.999999999971,-0.010764964384215257,3 days 01:55:00,-0.010342671532940896
76,2019-06-13 09:17:00+05:30,2019-06-27 15:16:00+05:30,BANKNIFTY20190725FUT,50.0,31281.26,30910.72,False,-18526.99999999986,-0.011845430778683379,14 days 05:59:00,-0.009634036529283187
77,2019-06-27 15:16:00+05:30,2019-07-04 09:19:00+05:30,BANKNIFTY20190725FUT,50.0,31571.36,31379.32,False,-9602.000000000044,-0.006082728143481968,6 days 18:03:00,-0.01500014395576611
78,2019-06-28 09:17:00+05:30,2019-07-08 09:17:00+05:30,NIFTY20190725FUT,50.0,11911.08,11728.7,True,-9118.99999999996,-0.015311793724834289,10 days 00:00:00,
79,2019-07-08 09:17:00+05:30,2019-07-08 14:20:00+05:30,NIFTY20190725FUT,50.0,11558.86,11728.7,False,8492.000000000007,0.014693490534533695,0 days 05:03:00,0.013002572907847062
80,2019-07-08 09:17:00+05:30,2019-07-10 12:45:00+05:30,BANKNIFTY20190725FUT,50.0,30461.89,31223.65,False,38088.0000000001,0.025006984136572027,2 days 03:28:00,0.05831865248634948
81,2019-07-17 09:17:00+05:30,2019-07-19 15:09:00+05:30,BANKNIFTY20190725FUT,50.0,29751.9,30561.14,False,40461.9999999999,0.027199607420030247,2 days 05:52:00,0.012652089536795547
82,2019-07-09 09:17:00+05:30,2019-07-22 09:29:00+05:30,NIFTY20190725FUT,50.0,11342.27,11510.55,False,8413.999999999942,0.01483653624891656,13 days 00:12:00,0.060838149787097145
83,2019-07-22 09:17:00+05:30,2019-07-25 15:16:00+05:30,BANKNIFTY20190829FUT,50.0,29032.91,29529.09,False,24809.000000000015,0.01709026067314645,3 days 05:59:00,0.03401660749215748
84,2019-07-24 09:17:00+05:30,2019-07-25 15:16:00+05:30,NIFTY20190829FUT,50.0,11250.1,11350.68,False,5028.999999999996,0.008940364974533554,1 days 05:59:00,0.006824230259326308
85,2019-07-25 15:16:00+05:30,2019-07-30 14:42:00+05:30,BANKNIFTY20190829FUT,50.0,28854.02,29197.06,False,17152.000000000044,0.011888811333741395,4 days 23:26:00,0.023668527025954286
86,2019-07-25 15:16:00+05:30,2019-07-30 14:43:00+05:30,NIFTY20190829FUT,50.0,11129.23,11299.29,False,8503.000000000065,0.015280482117810605,4 days 23:27:00,0.011733528760592953
87,2019-07-31 09:17:00+05:30,2019-08-05 09:17:00+05:30,BANKNIFTY20190829FUT,50.0,27816.96,28716.26,False,44964.99999999996,0.03232919772685438,5 days 00:00:00,0.0579543338151583
88,2019-07-31 09:17:00+05:30,2019-08-05 09:33:00+05:30,NIFTY20190829FUT,50.0,10867.17,11067.54,False,10018.50000000004,0.018438103020381645,5 days 00:16:00,0.012912609659227537
89,2019-08-06 09:17:00+05:30,2019-08-06 14:00:00+05:30,NIFTY20190829FUT,50.0,10997.55,10902.82,False,-4736.499999999978,-0.00861373669590041,0 days 04:43:00,-0.005715872032335265
90,2019-08-06 09:17:00+05:30,2019-08-08 15:20:00+05:30,BANKNIFTY20190829FUT,50.0,28275.8,27858.38,False,-20870.999999999913,-0.01476244703951783,2 days 06:03:00,-0.025186522788318243
91,2019-08-07 09:17:00+05:30,2019-08-09 09:20:00+05:30,NIFTY20190829FUT,50.0,11116.22,10959.41,False,-7840.4999999999745,-0.014106413870902113,2 days 00:03:00,-0.009935245213015592
92,2019-08-09 09:17:00+05:30,2019-08-13 14:40:00+05:30,BANKNIFTY20190829FUT,50.0,28344.72,27776.79,True,-28396.500000000015,-0.020036535905099795,4 days 05:23:00,
93,2019-08-13 09:17:00+05:30,2019-08-13 14:41:00+05:30,NIFTY20190829FUT,50.0,11091.57,10977.25,True,-5715.999999999985,-0.010306926792149326,0 days 05:24:00,-0.007630967582525604
94,2019-08-14 09:17:00+05:30,2019-08-22 14:05:00+05:30,NIFTY20190829FUT,50.0,10790.16,10955.36,False,8260.000000000036,0.015310245631204795,8 days 04:48:00,
95,2019-08-22 09:17:00+05:30,2019-08-23 09:17:00+05:30,BANKNIFTY20190829FUT,50.0,26727.24,27632.47,False,45261.49999999998,0.033869191132342866,1 days 00:00:00,0.058040701392090714
96,2019-08-23 09:17:00+05:30,2019-08-23 13:44:00+05:30,NIFTY20190829FUT,50.0,10861.52,10679.31,False,-9110.500000000047,-0.016775736729297643,0 days 04:27:00,
97,2019-08-23 09:17:00+05:30,2019-08-26 09:17:00+05:30,BANKNIFTY20190829FUT,50.0,27434.89,26716.56,False,-35916.499999999905,-0.026183082928344096,3 days 00:00:00,
98,2019-08-26 09:17:00+05:30,2019-08-26 10:05:00+05:30,BANKNIFTY20190829FUT,50.0,26911.58,27423.91,False,25616.499999999905,0.01903752956905533,0 days 00:48:00,0.03202258678372272
99,2019-08-26 09:17:00+05:30,2019-08-26 10:07:00+05:30,NIFTY20190829FUT,50.0,10766.35,10929.46,False,8155.499999999938,0.015149981191397155,0 days 00:50:00,0.010194999571161151
100,2019-08-27 09:17:00+05:30,2019-08-29 09:17:00+05:30,NIFTY20190829FUT,50.0,11082.52,10988.8,True,-4686.000000000058,-0.008456560421276132,2 days 00:00:00,-0.005996959364995024
101,2019-08-29 09:17:00+05:30,2019-08-29 09:52:00+05:30,NIFTY20190829FUT,50.0,10993.2,11001.45,True,412.5,0.0007504639231524943,0 days 00:35:00,-0.03343055292618028
102,2019-08-27 09:17:00+05:30,2019-08-29 10:43:00+05:30,BANKNIFTY20190829FUT,50.0,28028.05,27505.6,True,-26122.500000000036,-0.01864025503022867,2 days 01:26:00,0.000541599886853547
103,2019-09-05 09:17:00+05:30,2019-09-11 10:13:00+05:30,BANKNIFTY20190926FUT,50.0,27750.55,27289.49,False,-23052.999999999884,-0.01661444547945888,6 days 00:56:00,-0.030284689082994098
104,2019-09-12 09:17:00+05:30,2019-09-17 12:12:00+05:30,NIFTY20190926FUT,50.0,11084.27,10919.82,True,-8222.500000000036,-0.014836340146892914,5 days 02:55:00,-0.010950137687410872
105,2019-09-12 09:17:00+05:30,2019-09-17 14:07:00+05:30,BANKNIFTY20190926FUT,50.0,27940.64,27236.5,True,-35206.99999999997,-0.02520128386465018,5 days 04:50:00,-0.0468861657112402
106,2019-09-19 09:17:00+05:30,2019-09-20 10:58:00+05:30,NIFTY20190926FUT,50.0,10992.65,10815.19,False,-8872.999999999956,-0.01614351407531388,1 days 01:41:00,-0.012950980909454218
107,2019-09-24 09:17:00+05:30,2019-09-25 13:43:00+05:30,NIFTY20190926FUT,50.0,11602.22,11458.01,True,-7210.499999999956,-0.012429517799179737,1 days 04:26:00,-0.01063906230472729
108,2019-09-30 09:17:00+05:30,2019-10-01 10:08:00+05:30,BANKNIFTY20191031FUT,50.0,29043.76,29916.82,False,43653.000000000065,0.030060157500268605,1 days 00:51:00,0.059796316920561955
109,2019-09-30 09:17:00+05:30,2019-10-01 14:04:00+05:30,NIFTY20191031FUT,50.0,11357.32,11542.34,False,9251.000000000022,0.016290815086657806,1 days 04:47:00,0.012672112519921177
110,2019-10-09 09:17:00+05:30,2019-10-09 14:38:00+05:30,NIFTY20191031FUT,50.0,11298.36,11152.82,False,-7277.000000000044,-0.012881515547389255,0 days 05:21:00,-0.009782494035360582
111,2019-10-10 09:17:00+05:30,2019-10-11 10:51:00+05:30,BANKNIFTY20191031FUT,50.0,27950.69,28597.23,False,32327.000000000044,0.023131450422154188,1 days 01:34:00,0.04284640233430524
112,2019-10-14 09:17:00+05:30,2019-10-17 13:13:00+05:30,NIFTY20191031FUT,50.0,11332.27,11538.49,True,10310.999999999967,0.01819758971503497,3 days 03:56:00,0.013275393512868387
113,2019-10-14 09:17:00+05:30,2019-10-17 13:41:00+05:30,BANKNIFTY20191031FUT,50.0,28278.65,29094.13,True,40773.99999999998,0.02883730305371719,3 days 04:24:00,0.05249644991695248
114,2019-10-24 09:17:00+05:30,2019-10-31 09:17:00+05:30,NIFTY20191031FUT,50.0,11675.13,11874.92,True,9989.500000000044,0.017112443287569463,7 days 00:00:00,0.04942399028124147
115,2019-10-22 09:17:00+05:30,2019-10-31 09:17:00+05:30,BANKNIFTY20191031FUT,50.0,29299.71,30106.38,True,40333.500000000095,0.027531671815181853,9 days 00:00:00,0.012367842095137638
116,2019-10-31 09:17:00+05:30,2019-10-31 15:16:00+05:30,BANKNIFTY20191128FUT,50.0,30118.42,30077.53,True,-2044.499999999971,-0.0013576409386680782,0 days 05:59:00,-0.0023602149288252
117,2019-10-31 09:17:00+05:30,2019-10-31 15:16:00+05:30,NIFTY20191128FUT,50.0,11879.68,11881.02,True,67.00000000000728,0.00011279765111519381,0 days 05:59:00,7.734624613905983e-05
118,2019-10-31 15:16:00+05:30,2019-11-08 12:13:00+05:30,BANKNIFTY20191128FUT,50.0,30132.23,30938.46,True,40311.49999999998,0.02675640004075369,7 days 20:57:00,0.046536465690065226
119,2019-10-31 15:16:00+05:30,2019-11-25 15:11:00+05:30,NIFTY20191128FUT,50.0,11921.03,12096.03,True,8750.0,0.014679939568980198,24 days 23:55:00,0.010101188861443285
120,2019-11-19 09:17:00+05:30,2019-11-28 09:17:00+05:30,BANKNIFTY20191128FUT,50.0,31008.4,31903.67,True,44763.49999999984,0.028871854078249663,9 days 00:00:00,0.049164963893595655
121,2019-11-26 09:17:00+05:30,2019-11-28 15:16:00+05:30,NIFTY20191226FUT,50.0,12126.87,12147.57,True,1034.9999999999454,0.0017069532369027548,2 days 05:59:00,0.0010962366682395056
122,2019-12-02 09:17:00+05:30,2019-12-06 14:10:00+05:30,BANKNIFTY20191226FUT,50.0,31927.88,31383.72,True,-27207.999999999993,-0.017043411588868407,4 days 04:53:00,-0.01236111891202935
123,2019-11-28 15:16:00+05:30,2019-12-06 14:11:00+05:30,NIFTY20191226FUT,50.0,12188.24,11955.66,True,-11628.999999999996,-0.019082328539641483,7 days 22:55:00,-0.02930242701271933
124,2019-12-09 09:17:00+05:30,2019-12-13 12:17:00+05:30,BANKNIFTY20191226FUT,50.0,32053.81,31343.03,False,-35539.000000000124,-0.022174587045970588,4 days 03:00:00,-0.03901807943810466
125,2019-12-12 09:17:00+05:30,2019-12-17 14:28:00+05:30,NIFTY20191226FUT,50.0,11981.15,12255.05,True,13694.999999999982,0.0228609106805273,5 days 05:11:00,0.015588342105546202
126,2019-12-16 09:17:00+05:30,2019-12-26 15:16:00+05:30,BANKNIFTY20200130FUT,50.0,32165.68,32006.5,True,-7959.000000000015,-0.0049487528322112355,10 days 05:59:00,-0.00887774614069854
127,2019-12-26 15:16:00+05:30,2020-01-06 11:32:00+05:30,BANKNIFTY20200130FUT,50.0,32215.62,31493.7,True,-36095.99999999991,-0.02240900532102124,10 days 20:16:00,-0.04033191188000165
128,2020-01-23 09:17:00+05:30,2020-01-30 15:16:00+05:30,BANKNIFTY20200227FUT,50.0,30660.38,30697.91,False,1876.4999999999418,0.0012240552791582765,7 days 05:59:00,0.0023490952596997
129,2020-01-23 09:17:00+05:30,2020-01-30 15:16:00+05:30,NIFTY20200227FUT,50.0,12041.41,12114.63,False,3660.9999999999673,0.006080683242244833,7 days 05:59:00,0.004583020381433942
130,2020-01-30 15:16:00+05:30,2020-02-03 09:16:00+05:30,NIFTY20200227FUT,50.0,11695.74,12054.59,False,17942.50000000002,0.030682111606448192,3 days 18:00:00,0.021425592597799
131,2020-01-30 15:16:00+05:30,2020-02-03 09:16:00+05:30,BANKNIFTY20200227FUT,50.0,29978.24,30749.57,False,38566.499999999905,0.02572966258192603,3 days 18:00:00,0.04605323209825901
132,2020-02-06 09:17:00+05:30,2020-02-18 09:27:00+05:30,BANKNIFTY20200227FUT,50.0,31139.28,30523.84,True,-30771.999999999935,-0.019764105014630995,12 days 00:10:00,-0.03413244464450545
133,2020-02-06 09:17:00+05:30,2020-02-24 09:19:00+05:30,NIFTY20200227FUT,50.0,12120.47,11902.62,True,-10892.499999999927,-0.017973725441340026,18 days 00:02:00,-0.012082011350912318
134,2020-02-20 09:17:00+05:30,2020-02-27 15:16:00+05:30,BANKNIFTY20200326FUT,50.0,30195.04,30737.85,False,27140.499999999884,0.01797679353960113,7 days 05:59:00,
135,2020-02-27 09:17:00+05:30,2020-02-27 15:16:00+05:30,NIFTY20200326FUT,50.0,11636.43,11644.07,False,381.9999999999709,0.0006565587555632972,0 days 05:59:00,0.00041075877005186505
136,2020-02-27 15:16:00+05:30,2020-02-28 09:17:00+05:30,NIFTY20200326FUT,50.0,11344.47,11633.67,False,14460.000000000036,0.025492596833523357,0 days 18:01:00,0.015548617316624179
137,2020-02-27 15:16:00+05:30,2020-02-28 09:17:00+05:30,BANKNIFTY20200326FUT,50.0,29600.57,30243.95,False,32169.00000000005,0.021735392257649127,0 days 18:01:00,0.03459083474816617
138,2020-03-02 09:17:00+05:30,2020-03-02 15:13:00+05:30,NIFTY20200326FUT,50.0,11072.21,11330.63,False,12921.000000000004,0.023339513972368667,0 days 05:56:00,0.013705805671511397
139,2020-03-04 09:17:00+05:30,2020-03-04 13:42:00+05:30,NIFTY20200326FUT,50.0,11085.37,11298.69,False,10665.999999999985,0.019243381141089536,0 days 04:25:00,0.010684208134344616
140,2020-03-04 09:17:00+05:30,2020-03-04 13:43:00+05:30,BANKNIFTY20200326FUT,50.0,28235.5,29145.27,False,45488.50000000002,0.0322207858901029,0 days 04:26:00,0.04556615429581249
141,2020-03-06 09:17:00+05:30,2020-03-09 09:17:00+05:30,NIFTY20200326FUT,50.0,10901.13,10666.72,True,-11720.499999999993,-0.0215032753485189,3 days 00:00:00,
142,2020-03-11 09:17:00+05:30,2020-03-12 09:17:00+05:30,BANKNIFTY20200326FUT,50.0,25205.04,26589.18,False,69206.99999999997,0.05491520743470351,1 days 00:00:00,0.06558463283830629
143,2020-03-17 09:17:00+05:30,2020-03-17 09:18:00+05:30,NIFTY20200326FUT,50.0,9116.97,9043.19,False,-3688.999999999942,-0.008092600940882645,0 days 00:01:00,-0.003357199970364853
144,2020-03-17 09:17:00+05:30,2020-03-17 09:25:00+05:30,BANKNIFTY20200326FUT,50.0,22491.7,22631.37,False,6983.499999999913,0.006209846298856834,0 days 00:08:00,0.006355382486593394
145,2020-03-18 09:17:00+05:30,2020-03-18 09:48:00+05:30,NIFTY20200326FUT,50.0,8891.53,9066.04,False,8725.500000000011,0.019626543463273496,0 days 00:31:00,0.007940701637684745
146,2020-03-18 09:17:00+05:30,2020-03-18 09:53:00+05:30,BANKNIFTY20200326FUT,50.0,21685.14,22335.53,False,32519.49999999997,0.029992427994469918,0 days 00:36:00,0.029594595943692455
147,2020-03-24 09:17:00+05:30,2020-03-24 09:33:00+05:30,NIFTY20200326FUT,50.0,7748.05,7923.56,False,8775.500000000011,0.02265215118642758,0 days 00:16:00,0.007752988847658403
148,2020-03-24 09:17:00+05:30,2020-03-24 09:33:00+05:30,BANKNIFTY20200326FUT,50.0,16955.19,17448.26,False,24653.499999999985,0.029080771138512738,0 days 00:16:00,0.021780902576006622
149,2020-03-26 09:17:00+05:30,2020-03-26 10:01:00+05:30,NIFTY20200326FUT,50.0,8328.87,8535.44,True,10328.499999999985,0.024801683781833513,0 days 00:44:00,0.009043520386595621
150,2020-03-30 09:17:00+05:30,2020-03-30 09:42:00+05:30,BANKNIFTY20200430FUT,50.0,19222.69,19621.32,True,19931.50000000005,0.02073747222683199,0 days 00:25:00,0.017203535541258107
151,2020-03-30 09:17:00+05:30,2020-03-30 10:06:00+05:30,NIFTY20200430FUT,50.0,8451.69,8566.34,True,5732.499999999982,0.013565334270423978,0 days 00:49:00,0.004947909966147131
152,2020-03-31 09:17:00+05:30,2020-03-31 12:51:00+05:30,NIFTY20200430FUT,50.0,8610.72,8438.01,False,-8635.499999999956,-0.02005755616255077,0 days 03:34:00,-0.007313638592324875
153,2020-04-01 09:17:00+05:30,2020-04-01 09:47:00+05:30,NIFTY20200430FUT,50.0,8416.63,8502.7,False,4303.500000000076,0.0102261831635704,0 days 00:30:00,
154,2020-04-01 09:17:00+05:30,2020-04-01 10:12:00+05:30,BANKNIFTY20200430FUT,50.0,18450.74,18816.19,False,18272.499999999854,0.019806793657056412,0 days 00:55:00,
155,2020-04-07 09:17:00+05:30,2020-04-07 11:27:00+05:30,NIFTY20200430FUT,50.0,8560.11,8424.91,False,-6760.000000000036,-0.015794189560648254,0 days 02:10:00,-0.005626589397058539
156,2020-04-07 09:17:00+05:30,2020-04-07 12:50:00+05:30,BANKNIFTY20200430FUT,50.0,18603.82,18185.61,False,-20910.499999999956,-0.022479791784697934,0 days 03:33:00,-0.017404555856093448
157,2020-04-08 09:17:00+05:30,2020-04-08 09:47:00+05:30,NIFTY20200430FUT,50.0,8747.9,8949.11,True,10060.500000000047,0.023000948799140473,0 days 00:30:00,0.008373713406672692
158,2020-04-08 09:17:00+05:30,2020-04-08 09:51:00+05:30,BANKNIFTY20200430FUT,50.0,18613.82,19396.42,True,39129.99999999993,0.042044029651087125,0 days 00:34:00,0.03256929631758861
159,2020-04-13 09:17:00+05:30,2020-04-15 09:17:00+05:30,NIFTY20200430FUT,50.0,9044.26,9151.47,True,5360.499999999956,0.011853927242250789,2 days 00:00:00,
160,2020-04-16 09:17:00+05:30,2020-04-16 11:30:00+05:30,BANKNIFTY20200430FUT,50.0,19340.82,18837.38,False,-25171.999999999935,-0.026029920137822425,0 days 02:13:00,-0.02086255734457864
161,2020-04-17 09:17:00+05:30,2020-04-17 10:50:00+05:30,BANKNIFTY20200430FUT,50.0,19836.87,20350.08,False,25660.50000000014,0.025871521061538578,0 days 01:33:00,
162,2020-04-21 09:17:00+05:30,2020-04-21 12:32:00+05:30,BANKNIFTY20200430FUT,50.0,19831.97,19398.42,True,-21677.500000000146,-0.0218611665911154,0 days 03:15:00,-0.018642758023597217
163,2020-04-22 09:17:00+05:30,2020-04-22 14:34:00+05:30,BANKNIFTY20200430FUT,50.0,19682.59,19100.23,False,-29118.00000000003,-0.029587569522100527,0 days 05:17:00,0.006654288557609619
164,2020-04-21 09:17:00+05:30,2020-04-22 14:45:00+05:30,NIFTY20200430FUT,50.0,9045.46,9200.21,True,7737.5,0.017108029884605098,1 days 05:28:00,-0.02504162510119251
165,2020-04-24 09:17:00+05:30,2020-04-27 09:46:00+05:30,NIFTY20200430FUT,50.0,9179.44,9323.18,True,7186.999999999989,0.015658907297177147,3 days 00:29:00,
166,2020-04-24 09:17:00+05:30,2020-04-28 09:17:00+05:30,BANKNIFTY20200430FUT,50.0,19646.03,20347.08,True,35052.500000000146,0.035684054233858085,4 days 00:00:00,
167,2020-04-29 09:17:00+05:30,2020-04-29 14:44:00+05:30,BANKNIFTY20200430FUT,50.0,20579.12,21108.78,True,26482.999999999993,0.025737738056826522,0 days 05:27:00,0.021281598891193576
168,2020-04-29 09:17:00+05:30,2020-04-30 09:17:00+05:30,NIFTY20200430FUT,50.0,9429.39,9705.31,True,13796.000000000004,0.02926170197647993,1 days 00:00:00,0.011086392716191773
169,2020-05-04 09:17:00+05:30,2020-05-04 09:22:00+05:30,BANKNIFTY20200528FUT,50.0,20389.33,20206.56,True,-9138.500000000022,-0.008964002250196569,0 days 00:05:00,-0.007222316111936536
170,2020-05-04 09:17:00+05:30,2020-05-04 14:37:00+05:30,NIFTY20200528FUT,50.0,9471.89,9272.6,True,-9964.499999999953,-0.021040151437569383,0 days 05:20:00,-0.00787511833423331
171,2020-05-05 09:17:00+05:30,2020-05-05 14:38:00+05:30,NIFTY20200528FUT,50.0,9230.45,9400.17,False,8485.999999999967,0.018386969216018647,0 days 05:21:00,0.006930153962279976
172,2020-05-05 09:17:00+05:30,2020-05-05 14:38:00+05:30,BANKNIFTY20200528FUT,50.0,19377.87,20025.94,False,32403.499999999985,0.0334438201928282,0 days 05:21:00,0.026462555257687953
173,2020-05-06 09:17:00+05:30,2020-05-06 10:29:00+05:30,BANKNIFTY20200528FUT,50.0,19640.83,19022.99,False,-30892.000000000007,-0.03145691908132192,0 days 01:12:00,-0.025228177728347147
174,2020-05-06 09:17:00+05:30,2020-05-06 10:59:00+05:30,NIFTY20200528FUT,50.0,9348.87,9159.07,False,-9490.000000000055,-0.020301918841528557,0 days 01:42:00,-0.007750077905024464
175,2020-05-08 09:17:00+05:30,2020-05-08 14:52:00+05:30,BANKNIFTY20200528FUT,50.0,19272.35,19881.47,False,30456.00000000013,0.031605901719302665,0 days 05:35:00,
176,2020-05-11 09:17:00+05:30,2020-05-11 14:45:00+05:30,BANKNIFTY20200528FUT,50.0,18964.14,19581.08,False,30847.000000000116,0.03253192604568424,0 days 05:28:00,
177,2020-05-08 09:17:00+05:30,2020-05-12 09:17:00+05:30,NIFTY20200528FUT,50.0,9125.67,9347.28,False,11080.50000000003,0.024284244334936568,4 days 00:00:00,0.023708197777080057
178,2020-05-12 09:17:00+05:30,2020-05-13 09:17:00+05:30,NIFTY20200528FUT,50.0,9125.67,9490.7,True,18251.500000000033,0.04000035065918455,1 days 00:00:00,0.013629389730045212
179,2020-05-13 09:17:00+05:30,2020-05-13 09:47:00+05:30,NIFTY20200528FUT,50.0,9379.23,9490.7,False,5573.500000000058,0.011884770924692237,0 days 00:30:00,0.004196759854413477
180,2020-05-13 09:17:00+05:30,2020-05-13 13:18:00+05:30,BANKNIFTY20200528FUT,50.0,19491.7,19885.97,False,19713.500000000022,0.020227584048595065,0 days 04:01:00,0.014843962571091648
181,2020-05-14 09:17:00+05:30,2020-05-15 09:17:00+05:30,NIFTY20200528FUT,50.0,9243.6,9113.48,True,-6506.00000000004,-0.014076766627720888,1 days 00:00:00,-0.004977262493999927
182,2020-05-14 09:17:00+05:30,2020-05-15 09:17:00+05:30,BANKNIFTY20200528FUT,50.0,19178.73,18852.73,True,-16300.0,-0.016997997260506822,1 days 00:00:00,-0.012469932162957012
183,2020-05-15 09:17:00+05:30,2020-05-15 10:41:00+05:30,BANKNIFTY20200528FUT,50.0,18860.27,18690.81,True,-8472.999999999956,-0.00898502513484691,0 days 01:24:00,
184,2020-05-18 09:17:00+05:30,2020-05-18 09:38:00+05:30,BANKNIFTY20200528FUT,50.0,18136.18,18447.46,False,15563.999999999942,0.01716348205630948,0 days 00:21:00,0.011708717618726647
185,2020-05-18 09:17:00+05:30,2020-05-18 09:45:00+05:30,NIFTY20200528FUT,50.0,8928.04,9073.18,False,7256.999999999971,0.016256647595664826,0 days 00:28:00,0.0054594039937740455
186,2020-05-20 09:17:00+05:30,2020-05-20 14:23:00+05:30,BANKNIFTY20200528FUT,50.0,17810.71,17603.63,False,-10353.999999999905,-0.011626712242240657,0 days 05:06:00,-0.008354367404664269
187,2020-05-19 09:17:00+05:30,2020-05-21 09:19:00+05:30,NIFTY20200528FUT,50.0,9105.22,8886.52,False,-10934.999999999945,-0.024019188992687596,2 days 00:02:00,-0.00781903056889036
188,2020-05-21 09:17:00+05:30,2020-05-22 09:17:00+05:30,BANKNIFTY20200528FUT,50.0,17463.04,17959.46,False,24820.999999999913,0.02842689474455755,1 days 00:00:00,0.018790778254288713
189,2020-05-22 09:17:00+05:30,2020-05-22 09:31:00+05:30,BANKNIFTY20200528FUT,50.0,17693.54,17456.06,False,-11873.999999999978,-0.013421847747822062,0 days 00:14:00,
190,2020-05-26 09:17:00+05:30,2020-05-27 12:18:00+05:30,BANKNIFTY20200528FUT,50.0,17924.68,17555.69,False,-18449.50000000008,-0.020585583675691927,1 days 03:01:00,
191,2020-05-22 09:17:00+05:30,2020-05-27 13:10:00+05:30,NIFTY20200528FUT,50.0,9029.41,9162.17,True,6638.000000000011,0.014703064762813984,5 days 03:53:00,-0.014104366101533166
192,2020-05-28 09:17:00+05:30,2020-05-28 11:03:00+05:30,BANKNIFTY20200528FUT,50.0,18896.98,19346.13,True,22457.500000000073,0.023768348169919292,0 days 01:46:00,0.016694530159015387
193,2020-05-28 09:17:00+05:30,2020-05-28 15:16:00+05:30,NIFTY20200625FUT,50.0,9362.32,9482.5,True,6009.000000000015,0.012836561877825186,0 days 05:59:00,0.0044669901692318105
194,2020-05-28 15:16:00+05:30,2020-05-29 15:06:00+05:30,NIFTY20200625FUT,50.0,9430.74,9500.4,True,3482.9999999999927,0.007386482927108568,0 days 23:50:00,0.002589203987258167
195,2020-05-29 09:17:00+05:30,2020-06-01 09:17:00+05:30,BANKNIFTY20200625FUT,50.0,18928.78,19710.86,True,39104.00000000009,0.041316978695932954,3 days 00:00:00,
196,2020-06-02 09:17:00+05:30,2020-06-02 14:51:00+05:30,BANKNIFTY20200625FUT,50.0,19817.61,20381.52,True,28195.499999999993,0.028454995329911116,0 days 05:34:00,0.01983591267031822
197,2020-06-02 09:17:00+05:30,2020-06-03 09:17:00+05:30,NIFTY20200625FUT,50.0,9792.16,10100.73,True,15428.499999999985,0.03151194424927694,1 days 00:00:00,0.01085415682055663
198,2020-06-05 09:17:00+05:30,2020-06-05 15:13:00+05:30,BANKNIFTY20200625FUT,50.0,20527.9,20980.3,True,22619.99999999989,0.0220382990953774,0 days 05:56:00,
199,2020-06-05 09:17:00+05:30,2020-06-08 09:17:00+05:30,NIFTY20200625FUT,50.0,10081.92,10276.79,True,9743.50000000004,0.019328659620389845,3 days 00:00:00,
200,2020-06-09 09:17:00+05:30,2020-06-09 14:37:00+05:30,BANKNIFTY20200625FUT,50.0,21171.98,20715.11,True,-22843.49999999995,-0.02157899261193327,0 days 05:20:00,-0.01588735570958671
201,2020-06-09 09:17:00+05:30,2020-06-09 14:40:00+05:30,NIFTY20200625FUT,50.0,10172.03,10046.99,True,-6252.000000000044,-0.012292531579242379,0 days 05:23:00,-0.004348184292964608
202,2020-06-10 09:17:00+05:30,2020-06-10 15:18:00+05:30,BANKNIFTY20200625FUT,50.0,20882.63,21223.8,True,17058.499999999913,0.01633750155033146,0 days 06:01:00,0.011763927744622692
203,2020-06-10 09:17:00+05:30,2020-06-11 14:42:00+05:30,NIFTY20200625FUT,50.0,9893.98,10087.98,False,9700.0,0.019607882773161053,1 days 05:25:00,0.0066893395739860305
204,2020-06-15 09:17:00+05:30,2020-06-15 10:52:00+05:30,BANKNIFTY20200625FUT,50.0,19863.97,20289.94,False,21298.499999999876,0.021444353772181367,0 days 01:35:00,0.014097448652698241
205,2020-06-16 09:17:00+05:30,2020-06-16 13:06:00+05:30,BANKNIFTY20200625FUT,50.0,19931.59,20538.89,False,30364.999999999964,0.030469219966896735,0 days 03:49:00,0.020098552871760173
206,2020-06-16 09:17:00+05:30,2020-06-16 13:07:00+05:30,NIFTY20200625FUT,50.0,9821.61,10018.15,False,9826.999999999953,0.020010975797246994,0 days 03:50:00,0.0065044781515161045
207,2020-06-18 09:17:00+05:30,2020-06-18 13:48:00+05:30,BANKNIFTY20200625FUT,50.0,20494.1,20100.03,False,-19703.499999999985,-0.019228460874105218,0 days 04:31:00,-0.013216752411942435
208,2020-06-22 09:17:00+05:30,2020-06-22 14:03:00+05:30,BANKNIFTY20200625FUT,50.0,21502.3,22016.6,True,25714.999999999964,0.02391837152304634,0 days 04:46:00,0.016600869487889136
209,2020-06-23 09:17:00+05:30,2020-06-24 09:17:00+05:30,BANKNIFTY20200625FUT,50.0,21845.22,22405.87,True,28032.49999999989,0.025664653411592915,1 days 00:00:00,0.018307692006266963
210,2020-06-23 09:17:00+05:30,2020-06-24 10:13:00+05:30,NIFTY20200625FUT,50.0,10333.27,10523.09,True,9490.999999999985,0.018369790008390344,1 days 00:56:00,0.006198459103950063
211,2020-06-24 09:17:00+05:30,2020-06-24 11:34:00+05:30,BANKNIFTY20200625FUT,50.0,22414.83,21980.8,True,-21701.500000000124,-0.019363519598408842,0 days 02:17:00,-0.014149779327927194
212,2020-06-25 09:17:00+05:30,2020-06-25 15:16:00+05:30,NIFTY20200730FUT,50.0,10217.89,10288.94,True,3552.5000000000546,0.006953490397724099,0 days 05:59:00,0.002308900195086991
213,2020-07-01 09:17:00+05:30,2020-07-01 11:30:00+05:30,BANKNIFTY20200730FUT,50.0,21626.32,21201.31,False,-21250.49999999992,-0.019652442024348037,0 days 02:13:00,0.004488462983045854
214,2020-06-25 15:16:00+05:30,2020-07-01 12:47:00+05:30,NIFTY20200730FUT,50.0,10247.2,10385.32,True,6905.999999999949,0.013478803965961333,5 days 21:31:00,-0.01394628259853724
215,2020-07-02 09:17:00+05:30,2020-07-06 09:17:00+05:30,NIFTY20200730FUT,50.0,10469.69,10671.12,True,10071.500000000015,0.01923934710578826,4 days 00:00:00,0.0066535920263654505
216,2020-07-03 09:17:00+05:30,2020-07-08 09:25:00+05:30,BANKNIFTY20200730FUT,50.0,22044.56,22749.8,True,35261.9999999999,0.03199156617324174,5 days 00:08:00,
217,2020-07-09 09:17:00+05:30,2020-07-13 11:12:00+05:30,BANKNIFTY20200730FUT,50.0,22748.25,22270.54,True,-23885.499999999956,-0.020999857131867247,4 days 01:55:00,-0.004633985440789993
218,2020-07-08 09:17:00+05:30,2020-07-14 10:57:00+05:30,NIFTY20200730FUT,50.0,10787.16,10640.87,True,-7314.499999999953,-0.013561493479284543,6 days 01:40:00,-0.015437619295284852
219,2020-07-15 09:17:00+05:30,2020-07-16 09:32:00+05:30,BANKNIFTY20200730FUT,50.0,21036.56,21582.23,False,27283.499999999913,0.025939126929497895,1 days 00:15:00,0.017504450760108592
220,2020-07-15 09:17:00+05:30,2020-07-17 14:11:00+05:30,NIFTY20200730FUT,50.0,10841.32,10675.31,False,-8300.500000000011,-0.015312710998291741,2 days 04:54:00,-0.00532540522785867
221,2020-07-17 09:17:00+05:30,2020-07-17 15:14:00+05:30,BANKNIFTY20200730FUT,50.0,21947.74,21696.66,False,-12554.000000000087,-0.011439902240504113,0 days 05:57:00,
222,2020-07-20 09:17:00+05:30,2020-07-21 13:06:00+05:30,NIFTY20200730FUT,50.0,10954.09,11157.77,True,10184.000000000015,0.01859396809776077,1 days 03:49:00,0.00644804918083627
223,2020-07-20 09:17:00+05:30,2020-07-21 14:33:00+05:30,BANKNIFTY20200730FUT,50.0,22198.74,22822.43,True,31184.499999999935,0.028095738767155196,1 days 05:16:00,0.019744617996836997
224,2020-07-24 09:17:00+05:30,2020-07-24 12:42:00+05:30,BANKNIFTY20200730FUT,50.0,22711.44,22375.52,True,-16795.999999999913,-0.014790783851662345,0 days 03:25:00,-0.0013980691303574634
225,2020-07-29 09:17:00+05:30,2020-07-30 15:16:00+05:30,BANKNIFTY20200827FUT,50.0,21669.48,22270.5,False,30051.000000000022,0.02773578323060823,1 days 05:59:00,
226,2020-07-22 09:17:00+05:30,2020-07-30 15:16:00+05:30,NIFTY20200827FUT,50.0,11152.98,11108.73,True,-2212.5,-0.003967549480049278,8 days 05:59:00,0.01890529740701495
227,2020-07-30 15:16:00+05:30,2020-07-31 09:17:00+05:30,BANKNIFTY20200827FUT,50.0,21442.14,21635.52,False,9669.000000000051,0.009018689365893564,0 days 18:01:00,0.006046557290454975
228,2020-07-30 15:16:00+05:30,2020-08-03 09:17:00+05:30,NIFTY20200827FUT,50.0,11100.37,11014.8,True,-4278.500000000076,-0.007708752050607459,3 days 18:01:00,-0.002675581276989548
229,2020-08-06 09:17:00+05:30,2020-08-11 09:17:00+05:30,NIFTY20200827FUT,50.0,11144.73,11361.23,True,10825.0,0.01942622207985299,5 days 00:00:00,0.0067716285565875564
230,2020-08-13 09:17:00+05:30,2020-08-14 13:47:00+05:30,BANKNIFTY20200827FUT,50.0,22429.49,21892.12,True,-26868.50000000013,-0.023958190756900966,1 days 04:30:00,-0.005724105026850032
231,2020-08-11 09:17:00+05:30,2020-08-14 14:03:00+05:30,NIFTY20200827FUT,50.0,11365.77,11182.31,True,-9173.000000000047,-0.016141449281482992,3 days 04:46:00,-0.017128805583463486
232,2020-08-17 09:17:00+05:30,2020-08-19 09:17:00+05:30,NIFTY20200827FUT,50.0,11443.29,11241.45,False,-10092.000000000007,-0.01763828409487133,2 days 00:00:00,-0.006548117663705071
233,2020-08-17 09:17:00+05:30,2020-08-19 09:29:00+05:30,BANKNIFTY20200827FUT,50.0,22367.47,21820.73,False,-27337.00000000008,-0.024443533399173066,2 days 00:12:00,-0.01773740513007391
234,2020-08-19 09:17:00+05:30,2020-08-20 12:38:00+05:30,NIFTY20200827FUT,50.0,11443.29,11289.74,True,-7677.500000000055,-0.013418343850413744,1 days 03:21:00,-0.005053348218534681
235,2020-08-20 09:17:00+05:30,2020-08-24 09:54:00+05:30,BANKNIFTY20200827FUT,50.0,21979.4,22610.48,True,31553.999999999905,0.02871233973629845,4 days 00:37:00,0.02050814602486298
236,2020-08-21 09:17:00+05:30,2020-08-27 09:17:00+05:30,NIFTY20200827FUT,50.0,11593.82,11375.72,False,-10905.000000000018,-0.0188117462579202,6 days 00:00:00,
237,2020-08-25 09:17:00+05:30,2020-08-27 09:19:00+05:30,BANKNIFTY20200827FUT,50.0,22994.6,23604.28,True,30484.000000000015,0.02651405112504676,2 days 00:02:00,0.01945128117033671
238,2020-08-27 09:17:00+05:30,2020-08-27 15:16:00+05:30,NIFTY20200924FUT,50.0,11593.82,11553.64,True,-2009.0000000000146,-0.003465639452742952,0 days 05:59:00,-0.0012547720373383274
239,2020-08-28 09:17:00+05:30,2020-08-28 11:37:00+05:30,BANKNIFTY20200924FUT,50.0,23784.66,24287.54,True,25144.00000000005,0.0211430392530312,0 days 02:20:00,-0.005147750687776222
240,2020-08-27 15:16:00+05:30,2020-08-31 14:25:00+05:30,NIFTY20200924FUT,50.0,11576.31,11411.47,True,-8242.000000000007,-0.0142394251708878,3 days 23:09:00,
241,2020-09-01 09:17:00+05:30,2020-09-04 09:17:00+05:30,BANKNIFTY20200924FUT,50.0,23710.29,22991.4,True,-35944.49999999997,-0.030319747248979217,3 days 00:00:00,-0.02261387918475355
242,2020-09-01 09:17:00+05:30,2020-09-09 09:17:00+05:30,NIFTY20200924FUT,50.0,11257.25,11402.97,False,7285.999999999967,0.012944546847587052,8 days 00:00:00,0.004583864673040764
243,2020-09-07 09:17:00+05:30,2020-09-09 09:54:00+05:30,BANKNIFTY20200924FUT,50.0,22393.03,22888.42,False,24769.49999999997,0.022122508655595043,2 days 00:37:00,0.015805160916089172
244,2020-09-09 09:17:00+05:30,2020-09-10 10:57:00+05:30,NIFTY20200924FUT,50.0,11402.53,11252.75,False,-7489.000000000033,-0.013135681291783547,1 days 01:40:00,-0.004755244625587813
245,2020-09-11 09:17:00+05:30,2020-09-18 14:37:00+05:30,BANKNIFTY20200924FUT,50.0,21882.23,22568.74,False,34325.5000000001,0.03137294507918078,7 days 05:20:00,
246,2020-09-14 09:17:00+05:30,2020-09-21 14:12:00+05:30,NIFTY20200924FUT,50.0,11541.81,11333.88,True,-10396.500000000015,-0.01801537193906331,7 days 04:55:00,-0.006608659420548505
247,2020-09-21 09:17:00+05:30,2020-09-21 14:19:00+05:30,BANKNIFTY20200924FUT,50.0,21414.28,22025.89,False,30580.50000000003,0.028560848181680663,0 days 05:02:00,0.018777496063314438
248,2020-09-25 09:17:00+05:30,2020-09-25 14:42:00+05:30,NIFTY20201029FUT,50.0,11063.21,10881.27,False,-9096.999999999935,-0.01644549818723487,0 days 05:25:00,
249,2020-09-25 09:17:00+05:30,2020-09-28 09:19:00+05:30,BANKNIFTY20201029FUT,50.0,21184.24,20605.88,False,-28918.00000000003,-0.027301427853914068,3 days 00:02:00,
250,2020-09-28 09:17:00+05:30,2020-09-29 09:20:00+05:30,NIFTY20201029FUT,50.0,11294.01,11104.83,False,-9459.000000000015,-0.016750472152937734,1 days 00:03:00,-0.005984996962229668
251,2020-09-30 09:17:00+05:30,2020-10-05 09:17:00+05:30,NIFTY20201029FUT,50.0,11217.24,11501.3,True,14202.999999999975,0.025323519867632278,5 days 00:00:00,0.008923286350803465
252,2020-10-05 09:17:00+05:30,2020-10-06 14:50:00+05:30,BANKNIFTY20201029FUT,50.0,22585.82,22904.97,True,15957.500000000073,0.014130547396552414,1 days 05:33:00,0.009863762875424857
253,2020-10-05 09:17:00+05:30,2020-10-06 15:16:00+05:30,NIFTY20201029FUT,50.0,11505.9,11663.17,True,7863.500000000022,0.013668639567526264,1 days 05:59:00,0.004860642291768963
254,2020-10-08 09:17:00+05:30,2020-10-09 11:10:00+05:30,BANKNIFTY20201029FUT,50.0,23200.59,23830.93,True,31517.000000000007,0.027169136646955968,1 days 01:53:00,0.019053750844540265
255,2020-10-21 09:17:00+05:30,2020-10-26 13:00:00+05:30,BANKNIFTY20201029FUT,50.0,24591.27,23934.86,True,-32820.49999999999,-0.02669280602425169,5 days 03:43:00,-0.006594180516445863
256,2020-10-08 09:17:00+05:30,2020-10-29 09:17:00+05:30,NIFTY20201029FUT,50.0,11843.87,11625.72,True,-10907.500000000073,-0.018418810743448,21 days 00:00:00,-0.019891607301143834
257,2020-10-30 09:17:00+05:30,2020-11-02 11:17:00+05:30,BANKNIFTY20201126FUT,50.0,24573.36,24037.54,False,-26790.999999999985,-0.021804913939322896,3 days 02:00:00,
258,2020-10-30 09:17:00+05:30,2020-11-03 11:01:00+05:30,NIFTY20201126FUT,50.0,11812.36,11657.67,False,-7734.5000000000255,-0.013095604942619469,4 days 01:44:00,
259,2020-11-03 09:17:00+05:30,2020-11-04 14:30:00+05:30,BANKNIFTY20201126FUT,50.0,25325.06,25764.9,True,21992.000000000007,0.017367777213558432,1 days 05:13:00,0.01382076074590229
260,2020-11-11 09:17:00+05:30,2020-11-13 09:17:00+05:30,BANKNIFTY20201126FUT,50.0,28721.59,27908.42,True,-40658.500000000095,-0.02831215124232335,2 days 00:00:00,-0.0258766182146559
261,2020-11-11 09:17:00+05:30,2020-11-18 13:52:00+05:30,NIFTY20201126FUT,50.0,12689.74,12916.92,True,11359.000000000015,0.01790265206379329,7 days 04:35:00,0.007229300301296804
262,2020-11-19 09:17:00+05:30,2020-11-20 09:17:00+05:30,BANKNIFTY20201126FUT,50.0,29431.19,28839.43,True,-29587.99999999992,-0.020106560421104223,1 days 00:00:00,-0.019347826539005835
263,2020-11-19 09:17:00+05:30,2020-11-25 09:17:00+05:30,NIFTY20201126FUT,50.0,12892.58,13120.63,True,11402.499999999964,0.01768846887124216,6 days 00:00:00,0.007456184673212584
264,2020-11-25 09:17:00+05:30,2020-11-25 14:01:00+05:30,NIFTY20201126FUT,50.0,13125.87,12920.42,True,-10272.500000000036,-0.01565229580972543,0 days 04:44:00,-0.006863956430324127
265,2020-11-25 09:17:00+05:30,2020-11-25 14:07:00+05:30,BANKNIFTY20201126FUT,50.0,30024.05,29324.13,True,-34995.99999999991,-0.02331197823078493,0 days 04:50:00,-0.02338389089662903
266,2020-12-02 09:17:00+05:30,2020-12-07 12:59:00+05:30,NIFTY20201231FUT,50.0,13127.02,13380.87,True,12692.500000000018,0.01933797617433358,5 days 03:42:00,
267,2020-11-27 09:17:00+05:30,2020-12-09 09:22:00+05:30,BANKNIFTY20201231FUT,50.0,29572.61,30453.71,True,44054.99999999993,0.029794461834785586,12 days 00:05:00,0.008462111322409633
268,2020-12-08 09:17:00+05:30,2020-12-16 09:17:00+05:30,NIFTY20201231FUT,50.0,13395.98,13646.37,True,12519.500000000062,0.018691428324019686,8 days 00:00:00,0.008017074335168805
269,2020-12-11 09:17:00+05:30,2020-12-21 14:01:00+05:30,BANKNIFTY20201231FUT,50.0,30625.77,29989.55,True,-31811.00000000006,-0.02077400829432211,10 days 04:44:00,
270,2020-12-17 09:17:00+05:30,2020-12-21 14:29:00+05:30,NIFTY20201231FUT,50.0,13699.59,13475.6,True,-11199.499999999989,-0.016350124346787006,4 days 05:12:00,-0.007127729861030295
271,2020-12-23 09:17:00+05:30,2020-12-24 09:17:00+05:30,NIFTY20201231FUT,50.0,13675.83,13454.31,False,-11076.000000000022,-0.016197919979993935,1 days 00:00:00,-0.0075266501414247245
272,2020-12-23 09:17:00+05:30,2020-12-24 09:25:00+05:30,BANKNIFTY20201231FUT,50.0,30270.15,29509.5,False,-38032.50000000007,-0.025128715913201666,1 days 00:08:00,-0.02584482859369229
273,2020-12-28 09:17:00+05:30,2020-12-29 13:11:00+05:30,BANKNIFTY20201231FUT,50.0,30738.4,31335.93,True,29876.49999999994,0.019439203081487614,1 days 03:54:00,0.019913143462506264
274,2020-12-30 09:17:00+05:30,2020-12-31 15:16:00+05:30,BANKNIFTY20210128FUT,50.0,31432.09,31269.69,True,-8120.000000000073,-0.00516669429236177,1 days 05:59:00,0.001353153977845978
275,2020-12-29 09:17:00+05:30,2020-12-31 15:16:00+05:30,NIFTY20210128FUT,50.0,13942.74,13983.2,True,2023.0000000000473,0.0029018686427489107,2 days 05:59:00,-0.005441653803834675
276,2020-12-31 15:16:00+05:30,2021-01-05 14:48:00+05:30,NIFTY20210128FUT,50.0,14014.0,14200.16,True,9307.999999999993,0.013283858998144701,4 days 23:32:00,0.006224886032354877
277,2020-12-31 15:16:00+05:30,2021-01-11 09:17:00+05:30,BANKNIFTY20210128FUT,50.0,31293.06,32099.73,True,40333.49999999991,0.0257779200883518,10 days 18:01:00,0.026973725911687268
278,2021-01-06 09:17:00+05:30,2021-01-12 11:17:00+05:30,NIFTY20210128FUT,50.0,14238.6,14507.1,True,13425.0,0.01885719101597067,6 days 02:00:00,0.008711885355560172
279,2021-01-12 09:17:00+05:30,2021-01-13 09:17:00+05:30,BANKNIFTY20210128FUT,50.0,32536.86,31826.18,False,-35534.000000000015,-0.021842304389544667,1 days 00:00:00,-0.023399719528672737
280,2021-01-13 09:17:00+05:30,2021-01-15 14:08:00+05:30,NIFTY20210128FUT,50.0,14628.58,14441.61,True,-9348.499999999967,-0.012781144854797892,2 days 04:51:00,-0.006149205463257083
281,2021-01-14 09:17:00+05:30,2021-01-18 15:28:00+05:30,BANKNIFTY20210128FUT,50.0,31720.54,32710.66,False,49505.99999999995,0.031213844404918673,4 days 06:11:00,0.03233419816286287
282,2021-01-19 09:17:00+05:30,2021-01-20 09:29:00+05:30,NIFTY20210128FUT,50.0,14585.32,14397.12,False,-9409.999999999945,-0.012903385047431179,1 days 00:12:00,-0.00616738239106541
283,2021-01-19 09:17:00+05:30,2021-01-21 09:40:00+05:30,BANKNIFTY20210128FUT,50.0,32762.65,32073.53,False,-34456.00000000013,-0.021033707590808515,2 days 00:23:00,-0.022582712823225486
284,2021-01-21 09:17:00+05:30,2021-01-22 11:11:00+05:30,NIFTY20210128FUT,50.0,14708.09,14498.05,True,-10502.000000000044,-0.01428057619990093,1 days 01:54:00,-0.006980301823545058
285,2021-01-25 09:17:00+05:30,2021-01-27 09:17:00+05:30,NIFTY20210128FUT,50.0,14187.14,14469.11,False,14098.500000000058,0.019875041763174336,2 days 00:00:00,
286,2021-01-27 09:17:00+05:30,2021-01-27 14:12:00+05:30,BANKNIFTY20210128FUT,50.0,30318.06,31142.17,False,41205.49999999985,0.027182148198136587,0 days 04:55:00,0.0262295398783438
287,2021-01-27 09:17:00+05:30,2021-01-27 14:42:00+05:30,NIFTY20210128FUT,50.0,13941.04,14181.46,False,12020.999999999913,0.017245485272260767,0 days 05:25:00,0.007652019727404587
288,2021-01-29 09:17:00+05:30,2021-01-29 15:06:00+05:30,NIFTY20210225FUT,50.0,13727.85,13940.11,False,10613.000000000011,0.015461998783494883,0 days 05:49:00,
289,2021-02-02 09:17:00+05:30,2021-02-02 09:34:00+05:30,BANKNIFTY20210225FUT,50.0,33787.71,34608.73,True,41051.000000000204,0.02429936802464577,0 days 00:17:00,0.025011185607087906
290,2021-02-03 09:17:00+05:30,2021-02-05 09:17:00+05:30,BANKNIFTY20210225FUT,50.0,34479.89,35763.0,True,64155.50000000003,0.037213285773243496,2 days 00:00:00,0.03835616199211202
291,2021-02-05 09:17:00+05:30,2021-02-05 10:07:00+05:30,BANKNIFTY20210225FUT,50.0,35777.3,36575.03,True,39886.499999999796,0.02229709899852688,0 days 00:50:00,0.009864729802898395
292,2021-02-03 09:17:00+05:30,2021-02-08 09:17:00+05:30,NIFTY20210225FUT,50.0,14726.89,15056.89,True,16500.0,0.02240798973849876,5 days 00:00:00,
293,2021-02-11 09:17:00+05:30,2021-02-15 09:17:00+05:30,BANKNIFTY20210225FUT,50.0,36595.92,35771.64,False,-41213.99999999994,-0.022523822327734862,4 days 00:00:00,-0.006328907933320035
294,2021-02-18 09:17:00+05:30,2021-02-19 09:17:00+05:30,BANKNIFTY20210225FUT,50.0,36951.69,36307.09,True,-32230.00000000029,-0.01744439834822185,1 days 00:00:00,-0.023945950687970195
295,2021-02-09 09:17:00+05:30,2021-02-19 14:12:00+05:30,NIFTY20210225FUT,50.0,15166.03,14945.71,True,-11016.000000000076,-0.01452720322984997,10 days 04:55:00,-0.019252087635933175
296,2021-02-19 09:17:00+05:30,2021-02-22 12:54:00+05:30,BANKNIFTY20210225FUT,50.0,35412.58,36307.09,False,44725.49999999974,0.025259667609645917,3 days 03:37:00,
297,2021-02-22 09:17:00+05:30,2021-02-22 13:51:00+05:30,NIFTY20210225FUT,50.0,14710.84,14975.6,False,13238.000000000011,0.017997612644825193,0 days 04:34:00,0.007678941584531447
298,2021-02-23 09:17:00+05:30,2021-02-25 09:17:00+05:30,NIFTY20210225FUT,50.0,15134.88,14725.55,False,-20466.499999999996,-0.027045473766557776,2 days 00:00:00,-0.012020288219101487
299,2021-02-23 09:17:00+05:30,2021-02-25 09:17:00+05:30,BANKNIFTY20210225FUT,50.0,36977.39,35382.82,False,-79728.49999999999,-0.04312283803697339,2 days 00:00:00,-0.046825766461125885
300,2021-02-25 09:17:00+05:30,2021-02-25 15:16:00+05:30,BANKNIFTY20210325FUT,50.0,36567.36,36962.61,False,19762.5,0.010808819668688142,0 days 05:59:00,0.011609403244774897
301,2021-02-25 09:17:00+05:30,2021-02-25 15:16:00+05:30,NIFTY20210325FUT,50.0,15102.52,15128.82,False,1314.9999999999636,0.001741431231344125,0 days 05:59:00,0.0007724916011070749
302,2021-02-25 15:16:00+05:30,2021-02-26 09:22:00+05:30,BANKNIFTY20210325FUT,50.0,35676.08,36729.65,False,52678.499999999985,0.0295315516727174,0 days 18:06:00,0.03094577856191647
303,2021-02-25 15:16:00+05:30,2021-02-26 10:27:00+05:30,NIFTY20210325FUT,50.0,14796.26,15165.47,False,18460.499999999956,0.02495292729378905,0 days 19:11:00,0.010844548442766172
304,2021-03-01 09:17:00+05:30,2021-03-02 09:32:00+05:30,NIFTY20210325FUT,50.0,14918.48,14699.51,False,-10948.499999999967,-0.01467776878073365,1 days 00:15:00,-0.006516661959146948
305,2021-03-01 09:17:00+05:30,2021-03-03 10:42:00+05:30,BANKNIFTY20210325FUT,50.0,36150.58,35288.79,False,-43089.500000000044,-0.023838898297067458,2 days 01:25:00,-0.025647322052213865
306,2021-03-04 09:17:00+05:30,2021-03-05 14:08:00+05:30,BANKNIFTY20210325FUT,50.0,35703.34,34979.0,True,-36216.999999999825,-0.02028773778587652,1 days 04:51:00,-0.02256923238380793
307,2021-03-04 09:17:00+05:30,2021-03-12 09:17:00+05:30,NIFTY20210325FUT,50.0,15097.52,15342.08,True,12227.999999999975,0.01619868693666241,8 days 00:00:00,0.007620083761471247
308,2021-03-10 09:17:00+05:30,2021-03-12 13:45:00+05:30,BANKNIFTY20210325FUT,50.0,36187.24,35580.98,True,-30312.999999999738,-0.01675341916100799,2 days 04:28:00,
309,2021-03-17 09:17:00+05:30,2021-03-18 13:34:00+05:30,BANKNIFTY20210325FUT,50.0,33946.79,34749.2,False,40120.49999999981,0.02363728647097402,1 days 04:17:00,0.024377184816695492
310,2021-03-18 09:17:00+05:30,2021-03-18 14:01:00+05:30,NIFTY20210325FUT,50.0,14595.02,14885.97,False,14547.499999999945,0.019934881898072007,0 days 04:44:00,0.00883904976560307
311,2021-03-22 09:17:00+05:30,2021-03-25 09:20:00+05:30,BANKNIFTY20210325FUT,50.0,33096.72,33893.22,False,39825.0,0.0240658288797198,3 days 00:03:00,0.024604308506334986
312,2021-03-22 09:17:00+05:30,2021-03-25 09:22:00+05:30,NIFTY20210325FUT,50.0,14469.34,14687.06,False,10885.999999999967,0.015046989012629419,3 days 00:05:00,0.0067254865637153
313,2021-03-26 09:17:00+05:30,2021-03-30 09:32:00+05:30,NIFTY20210429FUT,50.0,14778.36,14539.49,False,-11943.50000000004,-0.016163498520810213,4 days 00:15:00,
314,2021-03-26 09:17:00+05:30,2021-04-05 10:02:00+05:30,BANKNIFTY20210429FUT,50.0,32839.87,33618.08,False,38910.499999999956,0.023697109641420598,10 days 00:45:00,
315,2021-04-01 09:17:00+05:30,2021-04-05 10:14:00+05:30,NIFTY20210429FUT,50.0,14858.97,14600.08,True,-12944.49999999997,-0.017423145749671708,4 days 00:57:00,
316,2021-04-07 09:17:00+05:30,2021-04-07 12:10:00+05:30,BANKNIFTY20210429FUT,50.0,33242.7,32519.44,False,-36162.99999999992,-0.021756957166535765,0 days 02:53:00,-0.02177157686354275
317,2021-04-07 09:17:00+05:30,2021-04-08 09:17:00+05:30,NIFTY20210429FUT,50.0,14976.49,14756.55,False,-10997.000000000025,-0.01468568402876779,1 days 00:00:00,-0.006620635200851164
318,2021-04-12 09:17:00+05:30,2021-04-12 09:32:00+05:30,NIFTY20210429FUT,50.0,14630.53,14453.11,True,-8871.000000000004,-0.012126696708868378,0 days 00:15:00,-0.005370082559979802
319,2021-04-19 09:17:00+05:30,2021-04-22 09:17:00+05:30,NIFTY20210429FUT,50.0,14361.47,14176.11,True,-9267.999999999938,-0.012906756759579538,3 days 00:00:00,-0.00559385780892678
320,2021-04-19 09:17:00+05:30,2021-04-23 10:35:00+05:30,BANKNIFTY20210429FUT,50.0,30939.44,31929.76,True,49515.999999999985,0.032008336285336766,4 days 01:18:00,0.029886217443549877
321,2021-04-23 09:17:00+05:30,2021-04-26 10:02:00+05:30,NIFTY20210429FUT,50.0,14545.41,14334.03,False,-10568.99999999996,-0.014532419505534681,3 days 00:45:00,
322,2021-04-26 09:17:00+05:30,2021-04-28 09:17:00+05:30,BANKNIFTY20210429FUT,50.0,32989.1,32206.56,False,-39126.99999999986,-0.0237211685071735,2 days 00:00:00,-0.023602554101949728
323,2021-04-27 09:17:00+05:30,2021-04-28 10:45:00+05:30,NIFTY20210429FUT,50.0,14538.91,14761.85,True,11147.000000000025,0.015334024352582175,1 days 01:28:00,0.0066120203873258464
324,2021-04-28 09:17:00+05:30,2021-04-29 09:17:00+05:30,BANKNIFTY20210429FUT,50.0,32989.1,34048.99,True,52994.49999999997,0.03212849092579062,1 days 00:00:00,0.03151611036752792
325,2021-04-29 09:17:00+05:30,2021-04-29 15:16:00+05:30,BANKNIFTY20210527FUT,50.0,34062.61,33721.95,True,-17033.000000000175,-0.01000099522614396,0 days 05:59:00,-0.010411631775016634
326,2021-04-29 15:16:00+05:30,2021-04-30 09:17:00+05:30,BANKNIFTY20210527FUT,50.0,33816.76,33246.15,True,-28530.50000000003,-0.0168735857604336,0 days 18:01:00,-0.017439620757183662
327,2021-04-30 09:17:00+05:30,2021-05-03 09:17:00+05:30,BANKNIFTY20210527FUT,50.0,33259.45,32211.81,True,-52381.99999999979,-0.03149901757244921,3 days 00:00:00,
328,2021-05-06 09:17:00+05:30,2021-05-10 09:17:00+05:30,NIFTY20210527FUT,50.0,14730.45,14963.96,True,11675.49999999992,0.015852197319158504,4 days 00:00:00,0.007251393364659824
329,2021-05-06 09:17:00+05:30,2021-05-14 11:39:00+05:30,BANKNIFTY20210527FUT,50.0,33024.6,32351.18,True,-33670.99999999991,-0.020391465755830448,8 days 02:22:00,-0.020912309192879276
330,2021-05-11 09:17:00+05:30,2021-05-18 09:17:00+05:30,NIFTY20210527FUT,50.0,14838.97,15118.33,True,13968.00000000003,0.018826104507253576,7 days 00:00:00,0.008817233854213798
331,2021-05-24 09:17:00+05:30,2021-05-27 15:16:00+05:30,BANKNIFTY20210624FUT,50.0,34927.58,35065.84,True,6912.999999999738,0.0039584763673863104,3 days 05:59:00,0.004355473222921554
332,2021-05-25 09:17:00+05:30,2021-05-27 15:16:00+05:30,NIFTY20210624FUT,50.0,15285.06,15331.93,True,2343.50000000004,0.003066392935323826,2 days 05:59:00,0.001478482788596096
333,2021-05-27 15:16:00+05:30,2021-05-31 12:31:00+05:30,NIFTY20210624FUT,50.0,15390.03,15557.99,True,8397.999999999956,0.010913558972919424,3 days 21:15:00,0.0052147041418231345
334,2021-05-27 15:16:00+05:30,2021-06-03 14:12:00+05:30,BANKNIFTY20210624FUT,50.0,35341.42,35859.58,True,25908.000000000175,0.014661550101835282,6 days 22:56:00,0.01608746783833715
335,2021-06-08 09:17:00+05:30,2021-06-14 09:32:00+05:30,BANKNIFTY20210624FUT,50.0,34517.35,35489.85,False,48625.0,0.028174237014139267,6 days 00:15:00,0.007558626219083821
336,2021-06-01 09:17:00+05:30,2021-06-15 09:17:00+05:30,NIFTY20210624FUT,50.0,15619.12,15864.43,True,12265.499999999975,0.015705750387985974,14 days 00:00:00,0.02915287151287815
337,2021-06-15 09:17:00+05:30,2021-06-17 14:25:00+05:30,NIFTY20210624FUT,50.0,15870.77,15634.82,True,-11797.500000000036,-0.014866953525254334,2 days 05:08:00,-0.006950277909196654
338,2021-06-16 09:17:00+05:30,2021-06-18 10:02:00+05:30,BANKNIFTY20210624FUT,50.0,34371.62,35181.96,False,40516.999999999825,0.023575845421309687,2 days 00:45:00,0.02361725096294628
339,2021-06-22 09:17:00+05:30,2021-06-24 15:16:00+05:30,BANKNIFTY20210729FUT,50.0,35061.41,34826.63,True,-11739.000000000306,-0.006696250949405802,2 days 05:59:00,-0.006917169595787753
340,2021-06-22 09:17:00+05:30,2021-06-24 15:16:00+05:30,NIFTY20210729FUT,50.0,15810.21,15788.84,True,-1068.499999999949,-0.0013516582006183966,2 days 05:59:00,-0.0006296103341935999
