Date,Open,High,Low,Close,Volume
2019-12-05 10:00:00,303.9,313.5,298.3,304.3,3801872
2019-12-05 11:00:00,304.3,307.75,303.65,305.35,579692
2019-12-05 12:00:00,305.35,305.5,301.0,303.7,545656
2019-12-05 13:00:00,303.65,303.7,296.2,299.55,1077199
2019-12-05 14:00:00,299.55,299.85,296.25,298.15,518290
2019-12-05 15:00:00,298.0,298.5,294.0,296.8,771790
2019-12-06 10:00:00,296.95,294.9,281.0,282.2,1543336
2019-12-06 11:00:00,282.65,284.75,281.5,282.15,298782
2019-12-06 12:00:00,282.25,281.5,268.25,270.45,1726406
2019-12-06 13:00:00,270.45,273.3,269.0,270.5,403181
2019-12-06 14:00:00,270.4,272.5,269.5,271.35,283147
2019-12-06 15:00:00,271.35,276.6,271.3,274.25,870316
2019-12-09 10:00:00,270.0,277.0,262.0,273.95,1463136
2019-12-09 11:00:00,273.95,273.95,268.2,271.3,255818
2019-12-09 12:00:00,271.3,273.5,270.1,271.45,123160
2019-12-09 13:00:00,271.45,273.7,270.15,272.6,130759
2019-12-09 14:00:00,272.6,272.6,270.3,270.5,79958
2019-12-09 15:00:00,270.5,270.7,266.3,268.0,281269
2019-12-10 10:00:00,266.65,271.0,265.25,269.9,343390
2019-12-10 11:00:00,269.9,270.15,264.25,264.4,192182
2019-12-10 12:00:00,264.4,265.5,262.55,263.9,131368
2019-12-10 13:00:00,264.2,264.85,263.15,264.0,65492
2019-12-10 14:00:00,264.0,264.0,259.25,260.9,157533
2019-12-10 15:00:00,260.9,261.5,260.0,260.45,142055
2019-12-11 10:00:00,256.0,258.75,255.0,256.8,402577
2019-12-11 11:00:00,256.8,256.8,252.15,252.8,232582
2019-12-11 12:00:00,252.9,252.9,238.45,241.0,576266
2019-12-11 13:00:00,241.0,248.9,241.0,248.3,422592
2019-12-11 14:00:00,248.3,250.25,243.5,243.8,337432
2019-12-11 15:00:00,243.8,244.75,238.4,241.6,599818
2019-12-12 10:00:00,241.0,243.8,231.75,235.4,1264070
2019-12-12 11:00:00,235.4,235.55,230.0,231.55,431416
2019-12-12 12:00:00,231.2,232.75,228.2,229.3,342946
2019-12-12 13:00:00,229.3,229.45,226.5,228.25,257055
2019-12-12 14:00:00,228.3,228.85,218.15,218.45,808851
2019-12-12 15:00:00,218.2,225.55,216.5,223.7,1182410
2019-12-13 10:00:00,220.15,233.75,218.5,231.3,2235100
2019-12-13 11:00:00,231.3,233.8,225.85,226.65,700077
2019-12-13 12:00:00,226.65,228.95,225.9,226.8,198268
2019-12-13 13:00:00,226.8,227.95,226.5,227.75,126355
2019-12-13 14:00:00,227.75,228.65,227.0,227.75,119286
2019-12-13 15:00:00,227.75,234.75,227.4,233.0,1022349
2019-12-16 10:00:00,236.8,236.8,228.0,232.9,888791
2019-12-16 11:00:00,232.7,232.95,231.1,232.3,81359
2019-12-16 12:00:00,232.4,235.45,231.4,233.4,153303
2019-12-16 13:00:00,233.4,235.4,232.75,233.25,120938
2019-12-16 14:00:00,233.25,236.5,233.1,234.0,154286
2019-12-16 15:00:00,234.0,237.9,233.8,234.85,390532
2019-12-17 10:00:00,243.0,248.5,240.0,246.55,700187
2019-12-17 11:00:00,246.55,247.0,245.15,245.5,110285
2019-12-17 12:00:00,245.5,247.0,244.55,245.2,148985
2019-12-17 13:00:00,245.2,249.75,244.95,247.8,238529
2019-12-17 14:00:00,248.0,248.35,245.05,246.2,162036
2019-12-17 15:00:00,246.2,246.7,243.25,245.5,187368
2019-12-18 10:00:00,245.0,245.0,238.0,239.25,318749
2019-12-18 11:00:00,239.25,243.25,239.1,240.6,144482
2019-12-18 12:00:00,240.6,241.9,239.6,240.6,68309
2019-12-18 13:00:00,240.6,241.0,240.0,240.25,37765
2019-12-18 14:00:00,240.25,240.25,238.55,240.0,53566
2019-12-18 15:00:00,240.0,240.5,237.35,239.85,148326
2019-12-19 10:00:00,236.5,238.25,234.65,236.5,170868
2019-12-19 11:00:00,236.5,237.5,236.15,237.0,34197
2019-12-19 12:00:00,237.0,238.0,236.75,237.4,22844
2019-12-19 13:00:00,237.4,242.0,237.0,237.75,134360
2019-12-19 14:00:00,237.75,238.6,237.65,238.5,17796
2019-12-19 15:00:00,238.5,240.0,238.05,238.45,93640
2019-12-20 10:00:00,239.0,243.0,237.05,241.9,165946
2019-12-20 11:00:00,241.9,243.7,241.3,242.35,55867
2019-12-20 12:00:00,242.35,243.15,242.0,242.25,17486
2019-12-20 13:00:00,242.25,244.9,242.2,243.5,67999
2019-12-20 14:00:00,243.7,243.7,242.3,242.9,21944
2019-12-20 15:00:00,242.9,242.95,240.4,241.0,55284
2019-12-23 10:00:00,241.0,243.25,239.05,240.95,71531
2019-12-23 11:00:00,240.95,241.0,239.7,239.85,23584
2019-12-23 12:00:00,239.85,241.0,239.2,239.75,19787
2019-12-23 13:00:00,239.8,240.9,239.3,240.8,124841
2019-12-23 14:00:00,240.8,240.8,239.0,240.2,29621
2019-12-23 15:00:00,240.2,242.95,240.0,240.0,59019
2019-12-24 10:00:00,242.0,242.45,240.05,240.4,50578
2019-12-24 11:00:00,240.4,240.4,238.15,239.55,44591
2019-12-24 12:00:00,239.55,239.9,238.6,239.2,7819
2019-12-24 13:00:00,239.2,239.9,235.8,239.7,66931
2019-12-24 14:00:00,239.7,239.9,238.4,238.8,11071
2019-12-24 15:00:00,238.8,239.6,236.3,236.5,106231
2019-12-26 10:00:00,237.5,239.05,235.7,235.75,35876
2019-12-26 11:00:00,236.0,236.75,233.2,234.25,53269
2019-12-26 12:00:00,234.5,234.8,233.2,233.25,16272
2019-12-26 13:00:00,233.25,234.55,233.1,233.5,12343
2019-12-26 14:00:00,233.5,234.8,231.05,231.65,41502
2019-12-26 15:00:00,231.8,232.0,231.2,231.85,35639
2019-12-27 10:00:00,232.2,235.75,232.2,233.95,73657
2019-12-27 11:00:00,233.95,234.65,232.4,234.0,31915
2019-12-27 12:00:00,234.0,234.1,231.2,233.2,27725
2019-12-27 13:00:00,233.2,233.2,231.95,232.0,10445
2019-12-27 14:00:00,232.0,233.0,231.65,232.25,16271
2019-12-27 15:00:00,232.35,232.45,231.45,231.95,21829
2019-12-30 10:00:00,230.6,233.45,228.65,231.0,77862
2019-12-30 11:00:00,231.0,231.25,228.6,228.9,38376
2019-12-30 12:00:00,228.9,229.2,224.0,225.2,66520
2019-12-30 13:00:00,225.1,225.65,224.0,224.9,52219
2019-12-30 14:00:00,224.9,225.45,224.75,224.75,40975
2019-12-30 15:00:00,224.85,225.0,224.5,224.7,46406
2019-12-31 10:00:00,224.0,225.8,220.25,220.75,152128
2019-12-31 11:00:00,220.9,221.0,220.35,220.65,41765
2019-12-31 12:00:00,220.65,220.65,219.15,220.0,71725
2019-12-31 13:00:00,219.85,219.95,217.6,218.0,78439
2019-12-31 14:00:00,217.9,218.4,217.0,218.05,72454
2019-12-31 15:00:00,218.05,218.15,216.3,216.65,81817
2020-01-01 10:00:00,215.0,218.75,209.3,210.7,318590
2020-01-01 11:00:00,210.7,211.8,209.9,210.75,82386
2020-01-01 12:00:00,210.75,210.95,209.6,210.1,59300
2020-01-01 13:00:00,210.1,210.5,209.6,209.75,43476
2020-01-01 14:00:00,209.75,210.5,207.4,208.1,111272
2020-01-01 15:00:00,208.1,208.4,206.65,207.15,147207
2020-01-02 10:00:00,206.5,215.4,206.5,213.55,551760
2020-01-02 11:00:00,213.55,214.95,211.75,212.7,148439
2020-01-02 12:00:00,212.65,214.35,212.1,213.95,54257
2020-01-02 13:00:00,213.95,217.95,213.7,214.0,273035
2020-01-02 14:00:00,214.0,214.2,212.25,212.9,83661
2020-01-02 15:00:00,212.9,213.0,211.0,211.45,112036
2020-01-03 10:00:00,211.3,211.3,207.6,208.7,167147
2020-01-03 11:00:00,208.7,209.0,208.0,208.3,41380
2020-01-03 12:00:00,208.3,209.0,206.8,207.45,96276
2020-01-03 13:00:00,207.45,208.55,207.3,208.15,32558
2020-01-03 14:00:00,208.15,208.35,206.7,207.7,26308
2020-01-03 15:00:00,207.7,208.9,206.3,208.2,105528
2020-01-06 10:00:00,206.1,207.0,200.6,202.1,188648
2020-01-06 11:00:00,202.1,202.95,201.4,202.25,40435
2020-01-06 12:00:00,202.25,202.25,200.0,200.2,87162
2020-01-06 13:00:00,200.2,201.0,199.35,200.25,68192
2020-01-06 14:00:00,200.25,200.8,199.25,200.05,41844
2020-01-06 15:00:00,200.05,201.55,198.3,200.0,99870
2020-01-07 10:00:00,201.9,204.9,201.5,204.45,159728
2020-01-07 11:00:00,204.45,208.4,204.45,204.95,227628
2020-01-07 12:00:00,204.95,206.3,204.15,204.55,40022
2020-01-07 13:00:00,204.35,204.55,203.1,203.35,44128
2020-01-07 14:00:00,203.4,203.85,202.2,203.5,41625
2020-01-07 15:00:00,203.5,207.0,203.05,206.3,96723
2020-01-08 10:00:00,204.0,205.2,200.55,204.25,112717
2020-01-08 11:00:00,204.25,205.0,202.0,202.5,77709
2020-01-08 12:00:00,202.5,202.75,201.75,202.55,30744
2020-01-08 13:00:00,202.55,203.3,201.95,202.3,17181
2020-01-08 14:00:00,202.3,204.4,202.1,203.95,22641
2020-01-08 15:00:00,203.95,206.3,203.0,204.8,76184
2020-01-09 10:00:00,207.0,208.25,206.0,206.3,79078
2020-01-09 11:00:00,206.3,207.4,206.0,206.1,28781
2020-01-09 12:00:00,206.05,206.2,204.2,205.2,42366
2020-01-09 13:00:00,205.2,207.3,205.2,205.9,21791
2020-01-09 14:00:00,205.9,206.3,204.55,204.8,39959
2020-01-09 15:00:00,204.9,205.0,204.5,204.55,33827
2020-01-10 10:00:00,205.0,206.4,202.25,203.75,88263
2020-01-10 11:00:00,203.75,204.6,203.0,203.9,33915
2020-01-10 12:00:00,204.0,204.55,203.45,204.0,21041
2020-01-10 13:00:00,204.0,204.35,202.25,202.35,41034
2020-01-10 14:00:00,202.35,202.35,201.6,201.7,45716
2020-01-10 15:00:00,201.7,202.7,201.4,201.7,51145
2020-01-13 10:00:00,203.5,204.0,199.1,199.9,120225
2020-01-13 11:00:00,199.9,200.5,199.55,199.85,36281
2020-01-13 12:00:00,199.85,200.45,199.8,199.85,8838
2020-01-13 13:00:00,199.8,200.0,199.55,199.75,18913
2020-01-13 14:00:00,199.75,200.0,198.55,198.7,46082
2020-01-13 15:00:00,198.7,199.0,197.05,197.55,113140
2020-01-14 10:00:00,200.0,200.0,195.85,197.6,124005
2020-01-14 11:00:00,197.55,197.7,195.6,195.65,80190
2020-01-14 12:00:00,195.7,196.35,195.25,195.95,55256
2020-01-14 13:00:00,195.95,196.2,194.55,195.3,106857
2020-01-14 14:00:00,195.55,195.6,194.5,194.8,27633
2020-01-14 15:00:00,194.8,195.0,192.25,192.9,114493
2020-01-15 10:00:00,198.75,202.0,196.75,197.7,747903
2020-01-15 11:00:00,197.7,197.95,194.05,194.9,159095
2020-01-15 12:00:00,194.9,195.8,194.5,195.0,71350
2020-01-15 13:00:00,195.0,198.65,194.65,197.05,382476
2020-01-15 14:00:00,197.05,197.5,194.25,195.0,231710
2020-01-15 15:00:00,195.0,198.5,194.25,196.9,484720
2020-01-16 10:00:00,194.0,197.9,193.15,196.2,251917
2020-01-16 11:00:00,196.25,196.35,193.5,194.15,98356
2020-01-16 12:00:00,194.15,195.95,194.15,194.8,25390
2020-01-16 13:00:00,194.8,195.95,194.45,195.7,21381
2020-01-16 14:00:00,195.7,196.0,194.7,195.5,45957
2020-01-16 15:00:00,195.5,198.8,192.75,193.25,309953
2020-01-17 10:00:00,194.4,194.5,192.25,193.55,105241
2020-01-17 11:00:00,193.55,194.35,193.3,193.75,27692
2020-01-17 12:00:00,193.95,194.3,193.55,194.05,38840
2020-01-17 13:00:00,193.85,205.0,193.7,202.9,972350
2020-01-17 14:00:00,202.7,203.5,202.05,202.55,158089
2020-01-17 15:00:00,202.55,205.0,199.65,199.65,653980
2020-01-20 10:00:00,202.7,203.7,195.5,197.3,231210
2020-01-20 11:00:00,197.3,198.0,196.0,197.2,62159
2020-01-20 12:00:00,197.2,197.7,197.0,197.45,20223
2020-01-20 13:00:00,197.45,197.7,196.2,197.2,40605
2020-01-20 14:00:00,197.2,199.8,196.4,199.3,74807
2020-01-20 15:00:00,199.3,199.85,196.4,197.35,75900
2020-01-21 10:00:00,196.5,199.3,195.55,198.65,75203
2020-01-21 11:00:00,198.65,198.75,196.65,197.8,39051
2020-01-21 12:00:00,197.8,197.8,196.7,196.7,22277
2020-01-21 13:00:00,196.7,197.2,196.2,197.2,15066
2020-01-21 14:00:00,197.2,197.2,196.0,196.35,32006
2020-01-21 15:00:00,196.35,196.5,195.7,195.8,34286
2020-01-22 10:00:00,197.8,198.5,196.0,196.05,55483
2020-01-22 11:00:00,196.05,197.95,195.5,197.35,42351
2020-01-22 12:00:00,197.35,197.45,196.35,196.35,24046
2020-01-22 13:00:00,196.45,197.95,196.4,197.25,19452
2020-01-22 14:00:00,197.25,200.4,196.7,197.35,109836
2020-01-22 15:00:00,197.35,197.75,195.5,196.05,72094
2020-01-23 10:00:00,196.95,197.0,194.65,195.4,93597
2020-01-23 11:00:00,195.4,196.45,195.15,195.8,18803
2020-01-23 12:00:00,195.8,196.8,195.5,196.0,19281
2020-01-23 13:00:00,196.0,198.2,195.25,197.35,52439
2020-01-23 14:00:00,197.35,198.0,196.0,196.85,37199
2020-01-23 15:00:00,196.85,197.0,196.1,196.15,24132
2020-01-24 10:00:00,196.15,197.0,195.65,196.35,38279
2020-01-24 11:00:00,196.35,199.8,196.25,198.3,96439
2020-01-24 12:00:00,198.3,199.75,197.6,199.4,42176
2020-01-24 13:00:00,199.35,202.35,199.3,199.9,143348
2020-01-24 14:00:00,199.9,201.45,199.8,201.3,28681
2020-01-24 15:00:00,201.3,201.3,199.1,199.1,66049
2020-01-27 10:00:00,198.0,202.75,196.1,201.65,119225
2020-01-27 11:00:00,201.65,201.9,200.1,200.5,31611
2020-01-27 12:00:00,200.5,201.75,200.0,200.3,18741
2020-01-27 13:00:00,200.3,201.0,199.15,199.3,18317
2020-01-27 14:00:00,199.3,199.5,197.5,197.95,25598
2020-01-27 15:00:00,197.95,198.75,196.4,196.55,64759
2020-01-28 10:00:00,196.75,198.75,196.75,197.0,35171
2020-01-28 11:00:00,197.0,197.95,196.75,197.35,14390
2020-01-28 12:00:00,197.35,198.0,197.1,197.55,15976
2020-01-28 13:00:00,197.55,197.55,196.85,197.45,5837
2020-01-28 14:00:00,197.5,197.55,195.5,195.95,18732
2020-01-28 15:00:00,195.7,195.85,194.25,195.0,44907
2020-01-29 10:00:00,196.6,196.6,195.1,195.4,32435
2020-01-29 11:00:00,195.4,197.0,195.25,195.95,20172
2020-01-29 12:00:00,195.95,196.3,195.65,195.85,4598
2020-01-29 13:00:00,195.85,196.15,195.55,195.8,8791
2020-01-29 14:00:00,195.8,195.8,195.1,195.75,11457
2020-01-29 15:00:00,195.45,195.75,195.1,195.1,13183
2020-01-30 10:00:00,193.0,193.35,190.35,190.4,54492
2020-01-30 11:00:00,190.4,191.5,188.1,189.65,60990
2020-01-30 12:00:00,189.65,190.95,188.5,189.8,20641
2020-01-30 13:00:00,189.8,190.1,188.9,188.9,13306
2020-01-30 14:00:00,188.9,189.75,187.55,187.9,32027
2020-01-30 15:00:00,187.9,188.5,186.55,186.85,71242
2020-01-31 10:00:00,186.6,188.3,182.7,182.95,104441
2020-01-31 11:00:00,182.95,183.85,181.0,183.05,77917
2020-01-31 12:00:00,183.05,184.8,182.75,184.6,65410
2020-01-31 13:00:00,184.6,184.75,182.85,183.1,32698
2020-01-31 14:00:00,183.0,184.9,182.95,184.0,32379
2020-01-31 15:00:00,183.7,185.0,183.55,184.0,42867
2020-02-01 10:00:00,183.75,185.5,182.0,184.7,32721
2020-02-01 11:00:00,184.85,191.0,183.7,190.8,151153
2020-02-01 12:00:00,190.6,192.3,188.0,188.55,70828
2020-02-01 13:00:00,188.55,190.95,188.5,189.7,38151
2020-02-01 14:00:00,189.7,190.0,186.0,188.4,53805
2020-02-01 15:00:00,188.5,189.8,186.2,186.9,32326
2020-02-03 10:00:00,184.1,184.8,180.45,181.45,51953
2020-02-03 11:00:00,181.45,185.25,181.0,183.0,64482
2020-02-03 12:00:00,183.0,188.95,183.0,185.55,93918
2020-02-03 13:00:00,185.55,186.45,183.0,183.3,29384
2020-02-03 14:00:00,183.2,184.3,182.3,182.7,20206
2020-02-03 15:00:00,182.85,183.6,182.0,182.0,23876
2020-02-04 10:00:00,183.2,186.95,183.0,185.3,58508
2020-02-04 11:00:00,185.5,188.85,185.5,185.95,48276
2020-02-04 12:00:00,185.95,187.0,185.95,186.05,20261
2020-02-04 13:00:00,186.05,187.2,186.05,186.6,16556
2020-02-04 14:00:00,186.7,186.7,184.2,185.4,16525
2020-02-04 15:00:00,185.4,186.0,184.0,185.55,28606
2020-02-05 10:00:00,198.5,198.5,192.5,193.05,377874
2020-02-05 11:00:00,193.05,193.3,189.0,190.9,174932
2020-02-05 12:00:00,190.95,191.0,189.4,190.3,34187
2020-02-05 13:00:00,190.15,192.9,190.1,191.75,93150
2020-02-05 14:00:00,191.75,192.0,191.1,191.7,48615
2020-02-05 15:00:00,191.7,192.0,189.65,190.5,88693
2020-02-06 10:00:00,191.4,191.7,188.1,188.4,63928
2020-02-06 11:00:00,188.4,188.65,187.1,187.65,20867
2020-02-06 12:00:00,187.65,188.35,186.0,187.7,39223
2020-02-06 13:00:00,187.7,188.0,187.0,187.55,16305
2020-02-06 14:00:00,187.55,187.85,186.9,187.05,25578
2020-02-06 15:00:00,187.05,187.4,186.0,186.85,37695
2020-02-07 10:00:00,187.0,187.7,184.7,186.25,53675
2020-02-07 11:00:00,186.25,186.4,185.15,185.4,21719
2020-02-07 12:00:00,185.4,185.85,185.0,185.25,16657
2020-02-07 13:00:00,185.25,185.9,184.3,185.8,16759
2020-02-07 14:00:00,185.8,185.9,185.1,185.8,13234
2020-02-07 15:00:00,185.8,187.2,185.4,185.95,28826
2020-02-10 10:00:00,184.5,185.0,182.6,183.0,32072
2020-02-10 11:00:00,183.0,183.0,181.4,182.85,20504
2020-02-10 12:00:00,182.85,182.95,181.0,181.5,16445
2020-02-10 13:00:00,181.5,181.95,181.1,181.3,12083
2020-02-10 14:00:00,181.3,181.9,180.45,180.6,25894
2020-02-10 15:00:00,180.55,180.7,179.0,180.6,42259
2020-02-11 10:00:00,181.5,183.4,180.6,183.15,49445
2020-02-11 11:00:00,183.15,183.4,180.65,181.2,24539
2020-02-11 12:00:00,181.2,181.45,180.65,180.7,8000
2020-02-11 13:00:00,180.7,181.65,180.5,181.1,12998
2020-02-11 14:00:00,181.1,181.5,180.7,181.0,6698
2020-02-11 15:00:00,181.0,181.35,180.05,180.05,19483
2020-02-12 10:00:00,179.0,180.0,176.05,176.95,52239
2020-02-12 11:00:00,176.95,177.0,173.0,174.4,90482
2020-02-12 12:00:00,174.5,174.5,172.05,172.25,46686
2020-02-12 13:00:00,172.25,172.5,171.4,172.05,49726
2020-02-12 14:00:00,172.05,172.45,171.3,171.3,36968
2020-02-12 15:00:00,171.3,171.8,170.0,170.0,73921
2020-02-13 10:00:00,170.0,171.6,163.2,165.3,196141
2020-02-13 11:00:00,165.3,174.5,165.0,171.9,298471
2020-02-13 12:00:00,171.9,173.9,171.5,173.3,81307
2020-02-13 13:00:00,173.3,173.6,172.05,172.2,48043
2020-02-13 14:00:00,172.2,173.45,171.0,173.05,40993
2020-02-13 15:00:00,173.05,173.65,172.05,173.65,82707
2020-02-14 10:00:00,174.5,176.7,171.0,172.45,94389
2020-02-14 11:00:00,172.6,172.9,171.0,171.5,21309
2020-02-14 12:00:00,171.5,171.75,169.05,170.65,36084
2020-02-14 13:00:00,170.65,171.5,170.55,170.95,6196
2020-02-14 14:00:00,170.95,171.45,170.65,171.0,6254
2020-02-14 15:00:00,171.0,172.2,171.0,171.15,19361
2020-02-17 10:00:00,170.6,170.6,166.05,166.4,60023
2020-02-17 11:00:00,166.1,167.0,166.1,166.5,15865
2020-02-17 12:00:00,166.5,166.9,166.05,166.55,12904
2020-02-17 13:00:00,166.15,166.55,165.0,166.1,20645
2020-02-17 14:00:00,166.1,167.25,166.0,166.4,13650
2020-02-17 15:00:00,166.4,166.75,166.0,166.25,22989
2020-02-18 10:00:00,166.0,166.15,163.45,163.75,37920
2020-02-18 11:00:00,163.75,163.95,160.5,160.8,47401
2020-02-18 12:00:00,160.8,161.85,160.7,161.2,29568
2020-02-18 13:00:00,161.2,162.0,160.7,160.8,31171
2020-02-18 14:00:00,160.8,161.45,160.7,161.05,11095
2020-02-18 15:00:00,161.05,162.5,160.6,162.1,42329
2020-02-19 10:00:00,162.0,164.6,162.0,162.95,50394
2020-02-19 11:00:00,162.95,163.75,162.7,163.0,12061
2020-02-19 12:00:00,163.0,163.5,162.7,163.25,7397
2020-02-19 13:00:00,163.25,163.95,162.85,163.7,8271
2020-02-19 14:00:00,163.7,164.0,162.55,162.55,10995
2020-02-19 15:00:00,162.8,163.0,162.0,162.65,33716
2020-02-20 10:00:00,162.0,166.95,160.5,165.5,69224
2020-02-20 11:00:00,165.5,168.7,164.3,164.5,83551
2020-02-20 12:00:00,164.5,164.75,162.6,163.2,37560
2020-02-20 13:00:00,163.2,164.1,163.05,163.8,11199
2020-02-20 14:00:00,163.8,163.9,162.75,163.45,11940
2020-02-20 15:00:00,163.45,165.0,163.45,164.5,41103
2020-02-24 10:00:00,163.0,163.3,160.15,163.3,44401
2020-02-24 11:00:00,163.35,163.65,161.05,161.4,16094
2020-02-24 12:00:00,161.4,162.5,161.25,162.3,10064
2020-02-24 13:00:00,162.3,162.95,162.05,162.5,9319
2020-02-24 14:00:00,162.5,165.95,162.15,163.35,27436
2020-02-24 15:00:00,163.35,165.25,163.25,164.0,37981
2020-02-25 10:00:00,164.5,166.15,162.3,164.3,43906
2020-02-25 11:00:00,164.3,165.55,164.15,165.0,18485
2020-02-25 12:00:00,165.0,165.25,164.9,165.2,15141
2020-02-25 13:00:00,165.2,166.0,164.7,164.85,15459
2020-02-25 14:00:00,164.8,165.4,164.75,165.05,11911
2020-02-25 15:00:00,165.05,166.0,164.65,165.05,32374
2020-02-26 10:00:00,165.0,168.0,161.95,167.4,56549
2020-02-26 11:00:00,167.35,172.95,167.0,172.3,154554
2020-02-26 12:00:00,172.75,179.3,172.3,173.6,303304
2020-02-26 13:00:00,173.6,175.5,173.2,173.6,33091
2020-02-26 14:00:00,173.6,176.2,173.45,174.95,47543
2020-02-26 15:00:00,174.95,177.55,174.0,176.4,156557
2020-02-27 10:00:00,179.8,179.8,171.85,173.0,103880
2020-02-27 11:00:00,173.0,175.4,172.05,174.95,62023
2020-02-27 12:00:00,174.95,178.1,174.45,175.45,43483
2020-02-27 13:00:00,175.3,176.95,175.0,176.35,20919
2020-02-27 14:00:00,176.35,176.95,174.55,175.35,170213
2020-02-27 15:00:00,175.3,177.9,175.0,176.95,38004
2020-02-28 10:00:00,170.0,172.75,166.0,170.05,83277
2020-02-28 11:00:00,170.05,181.85,170.0,178.75,152052
2020-02-28 12:00:00,178.55,181.0,176.2,177.45,56650
2020-02-28 13:00:00,177.45,177.45,175.25,176.35,25565
2020-02-28 14:00:00,176.35,177.5,176.2,176.2,11018
2020-02-28 15:00:00,176.2,176.75,171.0,171.8,65933
2020-03-02 10:00:00,175.0,177.15,169.65,172.45,86937
2020-03-02 11:00:00,172.45,173.4,171.5,172.75,10783
2020-03-02 12:00:00,172.75,175.05,171.65,173.7,12082
2020-03-02 13:00:00,173.5,174.85,173.0,173.0,11366
2020-03-02 14:00:00,173.0,174.9,172.35,174.75,18094
2020-03-02 15:00:00,174.75,174.75,170.5,170.75,36353
2020-03-03 10:00:00,171.0,175.35,170.35,174.05,36460
2020-03-03 11:00:00,174.05,174.3,172.15,172.7,14019
2020-03-03 12:00:00,172.7,173.85,172.15,172.95,32049
2020-03-03 13:00:00,172.95,173.1,172.25,172.5,3963
2020-03-03 14:00:00,172.5,177.0,172.5,176.0,39883
2020-03-03 15:00:00,176.0,176.05,173.55,174.55,20871
2020-03-04 10:00:00,175.45,175.45,172.1,172.6,17159
2020-03-04 11:00:00,172.6,173.5,171.5,172.25,21487
2020-03-04 12:00:00,172.25,173.4,171.3,171.6,13820
2020-03-04 13:00:00,171.6,172.75,171.3,171.3,26115
2020-03-04 14:00:00,171.3,171.4,166.5,167.0,20326
2020-03-04 15:00:00,167.0,168.9,166.0,168.5,24275
2020-03-05 10:00:00,166.5,169.7,166.5,167.5,19216
2020-03-05 11:00:00,167.5,169.2,165.05,168.8,23153
2020-03-05 12:00:00,168.8,172.0,168.0,170.45,62487
2020-03-05 13:00:00,170.45,170.65,170.1,170.25,12495
2020-03-05 14:00:00,170.25,170.95,170.0,170.7,11715
2020-03-05 15:00:00,170.7,170.7,170.0,170.1,12724
2020-03-06 10:00:00,161.0,167.9,157.6,158.5,56840
2020-03-06 11:00:00,158.5,160.7,156.0,156.1,48273
2020-03-06 12:00:00,156.1,156.45,152.25,153.2,61726
2020-03-06 13:00:00,153.2,153.7,152.85,153.7,31210
2020-03-06 14:00:00,153.7,155.6,153.4,154.4,38131
2020-03-06 15:00:00,154.4,155.5,153.6,154.0,32196
2020-03-09 10:00:00,160.3,162.35,151.4,154.5,66328
2020-03-09 11:00:00,154.5,154.95,151.6,152.65,21720
2020-03-09 12:00:00,152.65,153.0,151.5,152.2,11837
2020-03-09 13:00:00,152.2,154.0,151.85,151.95,20574
2020-03-09 14:00:00,151.95,152.0,149.8,150.5,18565
2020-03-09 15:00:00,150.5,153.0,150.25,151.3,15767
2020-03-11 10:00:00,152.0,154.8,147.0,148.5,41421
2020-03-11 11:00:00,148.5,149.9,148.0,149.15,15683
2020-03-11 12:00:00,149.15,151.65,148.25,150.1,41733
2020-03-11 13:00:00,150.1,151.5,149.05,151.45,28485
2020-03-11 14:00:00,151.45,151.6,147.5,147.55,13186
2020-03-11 15:00:00,147.55,148.6,143.3,144.2,33917
2020-03-12 10:00:00,140.0,140.0,128.8,129.45,62046
2020-03-12 11:00:00,129.45,130.0,126.0,126.9,30705
2020-03-12 12:00:00,126.85,128.75,126.0,127.5,31187
2020-03-12 13:00:00,127.5,130.5,127.5,130.25,22117
2020-03-12 14:00:00,130.25,130.25,125.35,127.45,41293
2020-03-12 15:00:00,127.45,127.45,121.5,125.2,37189
2020-03-13 11:00:00,101.35,119.9,101.35,116.5,95976
2020-03-13 12:00:00,116.5,120.0,116.0,119.0,23268
2020-03-13 13:00:00,119.0,127.85,117.9,127.0,39207
2020-03-13 14:00:00,127.0,127.9,126.0,126.5,24863
2020-03-13 15:00:00,126.45,128.35,126.0,126.1,38145
2020-03-16 10:00:00,128.0,128.0,117.15,122.55,32371
2020-03-16 11:00:00,122.4,124.95,121.95,124.15,20744
2020-03-16 12:00:00,124.15,125.8,123.1,124.25,16210
2020-03-16 13:00:00,124.3,124.3,122.2,123.15,12172
2020-03-16 14:00:00,123.15,123.75,119.0,119.25,31922
2020-03-16 15:00:00,119.0,120.0,118.15,118.75,24494
2020-03-17 10:00:00,118.95,124.0,117.9,122.95,63304
2020-03-17 11:00:00,122.95,123.95,121.5,121.9,14099
2020-03-17 12:00:00,121.9,123.5,119.0,119.65,34500
2020-03-17 13:00:00,119.65,120.9,119.05,120.0,18687
2020-03-17 14:00:00,120.0,121.95,119.0,119.5,14512
2020-03-17 15:00:00,119.5,119.85,115.1,118.05,30227
2020-03-18 10:00:00,119.0,121.0,113.6,114.3,37855
2020-03-18 11:00:00,114.3,116.7,111.1,113.15,18871
2020-03-18 12:00:00,113.15,114.45,112.05,112.2,8512
2020-03-18 13:00:00,112.2,113.8,108.8,111.0,18566
2020-03-18 14:00:00,111.0,111.0,107.4,107.4,10451
2020-03-18 15:00:00,107.95,109.95,107.05,107.95,20670
2020-03-19 10:00:00,105.0,105.25,100.5,104.55,33567
2020-03-19 11:00:00,104.55,106.85,102.95,106.7,21056
2020-03-19 12:00:00,106.55,108.25,105.15,108.15,31759
2020-03-19 13:00:00,108.15,111.9,107.15,110.0,19687
2020-03-19 14:00:00,110.0,110.0,104.1,106.5,19378
2020-03-19 15:00:00,106.5,106.5,101.0,101.0,23278
2020-03-20 10:00:00,105.15,106.5,102.35,104.7,22013
2020-03-20 11:00:00,104.6,105.0,104.1,104.4,8083
2020-03-20 12:00:00,104.45,108.5,104.45,107.9,22194
2020-03-20 13:00:00,107.85,108.75,106.05,107.4,48750
2020-03-20 14:00:00,107.15,108.8,104.0,105.4,47804
2020-03-20 15:00:00,105.3,117.0,105.05,110.7,96140
2020-03-23 11:00:00,102.9,109.0,101.1,104.3,35218
2020-03-23 12:00:00,104.3,104.5,99.05,101.1,23374
2020-03-23 13:00:00,101.55,103.0,100.0,102.0,5793
2020-03-23 14:00:00,102.0,104.95,99.9,100.6,19278
2020-03-23 15:00:00,100.6,103.75,99.9,100.4,14017
2020-03-24 10:00:00,109.0,109.0,100.0,100.0,23098
2020-03-24 11:00:00,100.0,102.45,99.0,101.05,13006
2020-03-24 12:00:00,101.05,103.7,99.0,99.05,15518
2020-03-24 13:00:00,99.65,101.4,99.3,100.3,11533
2020-03-24 14:00:00,100.5,102.5,100.25,101.0,9322
2020-03-24 15:00:00,101.0,102.0,99.05,100.0,10920
2020-03-25 10:00:00,98.0,101.7,97.15,97.25,12206
2020-03-25 11:00:00,97.25,97.5,95.85,96.0,11464
2020-03-25 12:00:00,96.0,96.95,95.6,96.5,9978
2020-03-25 13:00:00,96.5,99.45,96.5,98.5,9150
2020-03-25 14:00:00,98.5,101.3,97.8,98.65,21149
2020-03-25 15:00:00,98.65,100.9,97.55,100.45,12390
2020-03-26 10:00:00,99.65,108.95,98.0,108.6,40165
2020-03-26 11:00:00,108.6,111.45,106.55,106.55,41815
2020-03-26 12:00:00,106.9,108.0,105.2,107.95,12077
2020-03-26 13:00:00,107.95,108.0,105.95,106.0,12880
2020-03-26 14:00:00,106.0,106.8,103.35,104.3,12088
2020-03-26 15:00:00,104.3,106.2,103.8,105.4,10132
2020-03-27 10:00:00,109.85,114.3,106.0,110.95,62106
2020-03-27 11:00:00,110.1,111.6,107.1,107.1,20958
2020-03-27 12:00:00,107.1,109.5,106.8,109.25,10903
2020-03-27 13:00:00,109.1,109.35,107.0,107.05,8747
2020-03-27 14:00:00,107.05,107.1,103.6,105.75,24485
2020-03-27 15:00:00,105.75,106.5,103.85,104.0,19285
2020-03-30 10:00:00,103.9,109.8,103.2,108.0,65514
2020-03-30 11:00:00,108.0,109.0,107.9,108.5,40453
2020-03-30 12:00:00,108.5,108.75,108.15,108.5,10159
2020-03-30 13:00:00,108.5,110.25,108.0,108.65,22323
2020-03-30 14:00:00,108.65,110.65,108.45,108.75,22411
2020-03-30 15:00:00,108.75,109.95,108.3,109.5,58901
2020-03-31 10:00:00,110.0,113.0,110.0,112.45,30800
2020-03-31 11:00:00,112.45,112.95,112.3,112.35,11668
2020-03-31 12:00:00,112.35,113.7,112.35,112.85,35737
2020-03-31 13:00:00,112.85,116.55,112.8,116.0,81792
2020-03-31 14:00:00,116.0,118.2,116.0,117.0,92347
2020-03-31 15:00:00,117.0,118.8,116.8,118.4,118524
2020-04-01 10:00:00,115.0,116.85,112.2,113.6,17964
2020-04-01 11:00:00,113.6,115.0,112.0,113.25,12801
2020-04-01 12:00:00,113.25,113.85,113.0,113.0,2381
2020-04-01 13:00:00,113.05,114.1,113.0,113.7,3380
2020-04-01 14:00:00,113.8,113.8,113.0,113.5,3401
2020-04-01 15:00:00,113.5,113.8,113.0,113.5,6803
2020-04-03 10:00:00,115.0,115.0,107.05,109.65,12889
2020-04-03 11:00:00,109.65,109.95,108.4,109.8,2813
2020-04-03 12:00:00,109.8,111.0,108.45,110.1,5678
2020-04-03 13:00:00,110.1,111.1,110.0,111.0,4386
2020-04-03 14:00:00,111.0,111.1,109.95,110.05,6446
2020-04-03 15:00:00,110.05,111.0,109.9,110.55,23296
2020-04-07 10:00:00,114.25,115.35,111.5,112.7,11214
2020-04-07 11:00:00,112.7,112.85,110.4,111.5,8503
2020-04-07 12:00:00,111.5,112.0,111.4,112.0,2847
2020-04-07 13:00:00,112.0,113.5,111.7,112.45,4275
2020-04-07 14:00:00,112.45,114.0,112.45,113.15,5059
2020-04-07 15:00:00,113.1,113.55,112.25,112.5,6330
2020-04-08 10:00:00,112.0,116.85,111.5,116.55,24896
2020-04-08 11:00:00,116.55,119.2,114.4,117.5,46830
2020-04-08 12:00:00,117.8,118.5,117.5,117.55,19777
2020-04-08 13:00:00,117.55,118.75,117.5,117.95,13354
2020-04-08 14:00:00,117.8,119.5,114.35,115.2,16892
2020-04-08 15:00:00,116.2,117.6,114.75,117.25,10689
2020-04-09 10:00:00,118.2,122.5,118.2,121.75,13774
2020-04-09 11:00:00,121.75,121.75,118.05,120.5,9492
2020-04-09 12:00:00,120.5,120.9,120.0,120.0,3119
2020-04-09 13:00:00,120.45,120.5,120.0,120.4,2028
2020-04-09 14:00:00,120.4,120.5,118.5,118.95,5732
2020-04-09 15:00:00,118.95,118.95,117.15,117.95,13783
2020-04-13 10:00:00,119.8,127.45,117.5,118.0,110343
2020-04-13 11:00:00,118.0,118.0,115.7,117.35,67470
2020-04-13 12:00:00,117.35,117.9,115.0,115.25,31642
2020-04-13 13:00:00,115.25,115.3,112.05,114.8,28067
2020-04-13 14:00:00,114.8,115.35,112.85,113.05,19275
2020-04-13 15:00:00,113.05,114.25,112.95,113.3,32121
2020-04-15 10:00:00,117.9,117.9,113.0,115.5,174387
2020-04-15 11:00:00,115.5,116.9,114.9,115.45,30137
2020-04-15 12:00:00,115.4,115.4,112.45,114.0,25695
2020-04-15 13:00:00,114.0,114.0,111.0,111.65,57037
2020-04-15 14:00:00,111.65,112.0,110.6,110.85,20385
2020-04-15 15:00:00,110.85,114.15,109.0,111.0,246606
2020-04-16 10:00:00,112.0,112.9,109.5,112.05,32304
2020-04-16 11:00:00,112.25,112.5,112.0,112.35,3130
2020-04-16 12:00:00,112.35,112.85,112.0,112.7,9981
2020-04-16 13:00:00,112.7,113.85,112.2,113.2,18563
2020-04-16 14:00:00,113.35,113.65,112.7,112.7,18942
2020-04-16 15:00:00,112.7,114.0,112.05,112.95,21692
2020-04-17 10:00:00,115.05,118.75,115.0,115.0,65999
2020-04-17 11:00:00,115.0,116.0,113.95,115.35,25339
2020-04-17 12:00:00,115.35,116.25,114.7,114.7,10545
2020-04-17 13:00:00,114.7,115.65,114.7,115.2,4250
2020-04-17 14:00:00,115.2,117.0,115.0,116.3,11313
2020-04-17 15:00:00,116.25,118.55,114.9,118.0,39245
2020-04-20 10:00:00,119.35,119.4,116.0,118.05,29791
2020-04-20 11:00:00,117.95,124.5,116.5,121.7,78349
2020-04-20 12:00:00,121.6,121.85,120.1,120.75,17711
2020-04-20 13:00:00,120.75,122.35,120.75,122.25,16436
2020-04-20 14:00:00,122.15,122.95,121.8,122.6,24120
2020-04-20 15:00:00,122.6,122.85,121.0,121.4,19890
2020-04-21 10:00:00,119.5,119.5,114.0,116.05,17489
2020-04-21 11:00:00,116.0,118.75,115.45,117.3,13463
2020-04-21 12:00:00,117.3,126.0,116.95,123.0,163791
2020-04-21 13:00:00,123.0,123.25,116.5,120.55,78462
2020-04-21 14:00:00,120.55,121.7,119.05,120.25,14632
2020-04-21 15:00:00,120.25,120.75,119.45,120.2,18408
2020-04-22 10:00:00,119.3,120.35,117.05,118.0,15755
2020-04-22 11:00:00,118.0,122.05,117.55,119.0,32547
2020-04-22 12:00:00,118.95,119.35,117.3,117.75,17285
2020-04-22 13:00:00,117.75,119.45,117.05,118.3,34125
2020-04-22 14:00:00,118.0,118.55,117.5,118.0,12193
2020-04-22 15:00:00,118.0,118.0,116.0,117.0,24684
2020-04-23 10:00:00,119.0,119.0,117.1,118.25,12723
2020-04-23 11:00:00,118.25,119.7,117.45,118.75,21571
2020-04-23 12:00:00,118.75,119.6,118.45,119.0,6884
2020-04-23 13:00:00,118.9,119.1,118.0,118.15,14526
2020-04-23 14:00:00,118.15,118.15,116.5,117.15,7792
2020-04-23 15:00:00,117.15,117.6,116.55,116.9,14042
2020-04-24 10:00:00,116.5,116.5,114.0,115.8,21084
2020-04-24 11:00:00,115.8,116.0,114.5,114.85,7717
2020-04-24 12:00:00,114.85,115.35,114.4,114.4,4736
2020-04-24 13:00:00,114.4,115.0,114.0,114.45,8865
2020-04-24 14:00:00,114.45,114.95,113.9,114.0,7530
2020-04-24 15:00:00,114.0,114.0,109.35,111.45,37562
2020-04-27 10:00:00,111.0,112.5,111.0,111.5,23890
2020-04-27 11:00:00,111.5,112.3,111.0,111.65,13167
2020-04-27 12:00:00,111.65,112.05,111.5,112.0,8806
2020-04-27 13:00:00,112.0,112.5,111.5,112.0,7817
2020-04-27 14:00:00,112.0,113.25,111.7,112.5,13316
2020-04-27 15:00:00,112.5,112.85,112.0,112.5,15392
2020-04-28 10:00:00,113.8,115.0,112.5,112.6,25268
2020-04-28 11:00:00,112.6,113.9,112.6,113.7,4983
2020-04-28 12:00:00,113.7,115.25,113.6,114.55,52090
2020-04-28 13:00:00,114.5,115.85,114.25,115.25,19891
2020-04-28 14:00:00,115.25,115.8,115.0,115.8,12710
2020-04-28 15:00:00,115.8,117.5,115.7,117.1,36147
2020-04-29 10:00:00,118.6,119.3,117.65,118.55,18505
2020-04-29 11:00:00,118.55,128.8,118.4,125.9,311665
2020-04-29 12:00:00,125.9,126.0,124.0,124.1,86543
2020-04-29 13:00:00,124.0,124.2,122.55,123.45,36694
2020-04-29 14:00:00,123.45,123.95,123.0,123.2,15664
2020-04-29 15:00:00,123.2,123.65,122.55,123.1,34101
2020-04-30 10:00:00,124.5,126.15,123.05,125.0,40884
2020-04-30 11:00:00,125.0,125.1,123.85,124.55,15306
2020-04-30 12:00:00,124.55,124.95,123.3,123.3,17264
2020-04-30 13:00:00,123.3,124.1,116.15,120.45,83548
2020-04-30 14:00:00,120.45,122.0,119.05,121.45,36427
2020-04-30 15:00:00,121.45,121.6,119.5,120.55,42591
2020-05-04 10:00:00,115.0,117.5,114.2,116.3,25839
2020-05-04 11:00:00,116.3,118.25,115.95,117.2,10524
2020-05-04 12:00:00,117.2,118.35,117.2,117.95,6305
2020-05-04 13:00:00,117.95,117.95,117.4,117.55,2483
2020-05-04 14:00:00,117.55,118.0,117.4,117.5,14154
2020-05-04 15:00:00,117.5,117.8,117.25,117.4,64677
2020-05-05 10:00:00,118.0,120.95,117.3,118.45,16238
2020-05-05 11:00:00,118.45,119.2,118.45,118.85,12043
2020-05-05 12:00:00,118.85,119.05,118.25,118.25,28406
2020-05-05 13:00:00,118.25,118.35,117.5,117.5,58254
2020-05-05 14:00:00,117.5,117.8,116.95,117.15,11478
2020-05-05 15:00:00,117.15,117.15,114.5,114.65,18170
2020-05-06 10:00:00,116.8,116.8,112.95,113.8,32956
2020-05-06 11:00:00,113.8,114.3,111.15,112.7,55172
2020-05-06 12:00:00,112.7,113.15,111.5,112.2,33965
2020-05-06 13:00:00,112.2,112.5,111.5,112.0,22076
2020-05-06 14:00:00,112.0,112.3,110.75,111.25,31095
2020-05-06 15:00:00,111.6,112.1,110.55,111.45,45627
2020-05-07 10:00:00,112.0,113.8,111.1,112.0,62602
2020-05-07 11:00:00,112.0,112.35,111.5,111.8,33828
2020-05-07 12:00:00,111.8,112.0,111.5,112.0,4700
2020-05-07 13:00:00,112.0,112.6,111.6,112.5,3227
2020-05-07 14:00:00,112.5,112.55,112.15,112.25,3755
2020-05-07 15:00:00,112.25,112.75,112.2,112.45,12659
2020-05-08 10:00:00,113.5,115.0,113.5,114.15,18963
2020-05-08 11:00:00,114.15,114.2,113.75,113.9,2711
2020-05-08 12:00:00,113.9,113.95,113.75,113.75,2714
2020-05-08 13:00:00,113.75,114.15,113.75,114.05,7317
2020-05-08 14:00:00,114.15,114.3,114.0,114.0,6275
2020-05-08 15:00:00,114.0,114.2,113.8,114.0,37199
2020-05-11 10:00:00,114.6,115.35,114.1,114.65,13180
2020-05-11 11:00:00,114.65,115.6,114.5,115.35,19835
2020-05-11 12:00:00,115.35,115.45,114.8,115.2,3523
2020-05-11 13:00:00,115.2,115.4,114.8,115.2,2047
2020-05-11 14:00:00,115.2,115.8,115.0,115.6,6674
2020-05-11 15:00:00,115.6,116.65,115.5,116.0,13698
2020-05-12 10:00:00,115.5,116.7,113.4,115.1,11936
2020-05-12 11:00:00,115.05,116.15,114.75,114.75,31935
2020-05-12 12:00:00,114.85,115.8,114.75,115.1,162875
2020-05-12 13:00:00,115.1,115.6,114.5,115.5,1891
2020-05-12 14:00:00,115.5,116.65,115.3,116.25,9376
2020-05-12 15:00:00,116.25,117.45,116.0,117.0,12402
2020-05-13 10:00:00,121.5,121.85,117.55,118.5,25348
2020-05-13 11:00:00,118.5,120.0,118.2,119.8,9976
2020-05-13 12:00:00,119.8,120.25,119.0,119.15,11216
2020-05-13 13:00:00,119.15,119.65,119.0,119.55,2924
2020-05-13 14:00:00,119.55,120.0,119.1,119.2,6078
2020-05-13 15:00:00,119.2,120.3,119.1,120.0,20285
2020-05-14 10:00:00,120.95,120.95,117.5,118.85,37243
2020-05-14 11:00:00,118.85,119.95,118.5,118.5,4368
2020-05-14 12:00:00,118.5,119.1,118.4,118.5,2097
2020-05-14 13:00:00,118.5,119.0,118.5,118.95,1072
2020-05-14 14:00:00,118.95,118.95,117.6,117.85,2411
2020-05-14 15:00:00,116.95,117.4,115.0,117.25,12584
2020-05-15 10:00:00,116.95,121.0,116.0,118.5,113946
2020-05-15 11:00:00,118.5,118.8,116.15,117.35,16851
2020-05-15 12:00:00,117.9,117.9,116.75,117.15,3130
2020-05-15 13:00:00,117.15,117.25,116.5,117.0,1540
2020-05-15 14:00:00,117.0,117.55,117.0,117.5,2830
2020-05-15 15:00:00,117.5,117.75,117.05,117.1,3497
2020-05-18 10:00:00,117.0,117.0,113.75,114.35,38686
2020-05-18 11:00:00,114.3,114.9,112.65,113.5,35708
2020-05-18 12:00:00,113.5,114.9,111.1,114.5,53000
2020-05-18 13:00:00,114.5,114.5,113.55,114.0,12380
2020-05-18 14:00:00,114.0,114.3,113.55,113.55,31817
2020-05-18 15:00:00,113.55,114.0,113.0,113.05,41694
2020-05-19 10:00:00,115.9,116.75,112.1,115.4,116237
2020-05-19 11:00:00,115.6,116.0,114.5,115.3,13952
2020-05-19 12:00:00,114.9,115.1,114.35,114.95,2513
2020-05-19 13:00:00,114.95,115.15,114.65,115.0,2421
2020-05-19 14:00:00,115.0,115.45,113.3,113.35,7565
2020-05-19 15:00:00,113.35,114.0,113.3,113.5,2903
2020-05-20 10:00:00,114.0,115.95,113.15,114.0,50099
2020-05-20 11:00:00,114.4,114.45,114.0,114.0,15724
2020-05-20 12:00:00,114.0,115.35,114.0,115.0,9673
2020-05-20 13:00:00,115.0,115.5,114.35,115.1,12250
2020-05-20 14:00:00,115.1,115.3,114.3,114.8,2913
2020-05-20 15:00:00,114.8,115.2,114.45,114.95,4356
2020-05-21 10:00:00,115.6,115.9,114.0,114.55,23368
2020-05-21 11:00:00,114.55,115.0,114.35,114.85,1832
2020-05-21 12:00:00,114.65,115.5,114.55,115.0,5424
2020-05-21 13:00:00,115.0,115.2,115.0,115.05,2786
2020-05-21 14:00:00,115.05,115.5,115.0,115.0,5860
2020-05-21 15:00:00,115.0,115.45,115.0,115.35,5543
2020-05-22 10:00:00,117.0,118.8,116.05,116.15,70674
2020-05-22 11:00:00,116.2,116.3,114.2,115.45,43953
2020-05-22 12:00:00,115.45,115.8,115.0,115.0,1345
2020-05-22 13:00:00,115.0,115.3,115.0,115.3,874
2020-05-22 14:00:00,115.05,116.3,115.0,116.05,5879
2020-05-22 15:00:00,116.05,117.5,116.0,116.95,6265
2020-05-26 10:00:00,118.8,118.8,115.2,117.15,47175
2020-05-26 11:00:00,117.0,117.9,117.0,117.0,19819
2020-05-26 12:00:00,117.0,117.4,117.0,117.0,9388
2020-05-26 13:00:00,117.0,118.0,116.3,116.6,14379
2020-05-26 14:00:00,116.6,117.15,116.6,116.6,3661
2020-05-26 15:00:00,116.6,116.95,116.1,116.65,11433
2020-05-27 10:00:00,117.0,118.85,116.3,117.1,41410
2020-05-27 11:00:00,117.1,118.35,117.0,118.2,11159
2020-05-27 12:00:00,118.2,118.2,118.0,118.0,3010
2020-05-27 13:00:00,118.0,118.2,118.0,118.05,1393
2020-05-27 14:00:00,118.2,122.0,118.1,122.0,37097
2020-05-27 15:00:00,122.0,124.8,120.75,122.35,264804
2020-05-28 10:00:00,125.0,126.05,122.2,124.5,87995
2020-05-28 11:00:00,124.5,124.9,123.3,123.7,13256
2020-05-28 12:00:00,123.65,123.8,123.05,123.3,5966
2020-05-28 13:00:00,123.2,123.7,122.25,122.8,6976
2020-05-28 14:00:00,122.8,124.75,122.2,124.25,22675
2020-05-28 15:00:00,124.25,124.25,124.0,124.1,11566
2020-05-29 10:00:00,122.5,123.0,120.15,122.65,12487
2020-05-29 11:00:00,122.65,123.35,122.25,123.1,3929
2020-05-29 12:00:00,123.1,123.4,123.1,123.3,1706
2020-05-29 13:00:00,123.1,124.8,123.1,123.45,7696
2020-05-29 14:00:00,123.45,123.75,123.1,123.5,2490
2020-05-29 15:00:00,123.5,123.9,123.1,123.55,4339
2020-06-01 10:00:00,123.8,128.7,123.05,125.5,77539
2020-06-01 11:00:00,125.65,131.0,123.7,129.5,59076
2020-06-01 12:00:00,129.5,130.2,128.0,129.45,26103
2020-06-01 13:00:00,129.6,130.1,127.5,127.65,23101
2020-06-01 14:00:00,127.65,127.95,126.8,127.4,7683
2020-06-01 15:00:00,127.65,127.8,126.75,127.7,8119
2020-06-02 10:00:00,126.0,131.65,125.25,130.1,64897
2020-06-02 11:00:00,130.1,130.55,129.25,130.1,13460
2020-06-02 12:00:00,130.1,130.45,129.5,130.45,47455
2020-06-02 13:00:00,130.45,130.55,130.1,130.5,9324
2020-06-02 14:00:00,130.5,133.0,130.5,131.5,29000
2020-06-02 15:00:00,131.5,132.55,130.5,130.5,134206
2020-06-03 10:00:00,132.45,134.95,132.0,133.85,43496
2020-06-03 11:00:00,133.85,134.8,133.0,133.5,21612
2020-06-03 12:00:00,133.5,134.8,133.5,134.15,9659
2020-06-03 13:00:00,134.15,135.75,134.0,134.7,24637
2020-06-03 14:00:00,134.7,134.95,134.05,134.85,6996
2020-06-03 15:00:00,134.85,139.05,134.55,136.7,70589
2020-06-04 10:00:00,136.45,136.85,133.15,135.1,14506
2020-06-04 11:00:00,135.1,136.5,134.7,135.0,12848
2020-06-04 12:00:00,135.0,136.2,134.5,135.0,17706
2020-06-04 13:00:00,135.0,135.55,134.65,135.0,7315
2020-06-04 14:00:00,135.0,135.5,134.85,135.0,3512
2020-06-04 15:00:00,135.0,135.35,134.7,135.1,13729
2020-06-05 10:00:00,136.0,137.4,134.1,134.6,15383
2020-06-05 11:00:00,134.6,134.95,131.05,132.25,26072
2020-06-05 12:00:00,132.25,134.55,132.25,133.5,13430
2020-06-05 13:00:00,133.4,133.8,132.7,133.2,13553
2020-06-05 14:00:00,133.2,134.45,133.2,134.45,6797
2020-06-05 15:00:00,134.45,135.95,134.0,135.0,12670
2020-06-08 10:00:00,134.3,137.95,134.3,136.2,24298
2020-06-08 11:00:00,136.2,136.75,135.0,136.7,15003
2020-06-08 12:00:00,136.7,142.7,136.45,141.0,55463
2020-06-08 13:00:00,141.0,141.3,138.1,141.25,35922
2020-06-08 14:00:00,141.25,143.0,138.1,141.05,23916
2020-06-08 15:00:00,141.05,141.05,136.1,137.3,31489
2020-06-09 10:00:00,139.2,140.15,135.75,139.3,25535
2020-06-09 11:00:00,139.3,141.0,139.1,140.3,32621
2020-06-09 12:00:00,140.3,140.35,138.5,139.45,12025
2020-06-09 13:00:00,139.45,139.6,134.7,134.7,25540
2020-06-09 14:00:00,134.7,135.0,132.05,132.7,16172
2020-06-09 15:00:00,132.95,133.75,130.0,131.1,67745
2020-06-10 10:00:00,131.7,135.0,130.1,130.8,36804
2020-06-10 11:00:00,130.8,130.85,129.25,129.3,70917
2020-06-10 12:00:00,129.3,129.55,127.75,129.2,17877
2020-06-10 13:00:00,129.2,129.7,129.0,129.35,4662
2020-06-10 14:00:00,129.35,131.0,129.3,130.3,49555
2020-06-10 15:00:00,130.3,132.1,129.2,130.95,325687
2020-06-11 10:00:00,136.0,139.9,134.05,138.45,97716
2020-06-11 11:00:00,138.45,138.95,135.1,136.0,47613
2020-06-11 12:00:00,136.0,136.75,135.45,136.2,13437
2020-06-11 13:00:00,136.2,136.6,135.3,136.05,7091
2020-06-11 14:00:00,136.05,136.55,135.5,135.65,7015
2020-06-11 15:00:00,135.65,135.9,133.65,134.5,22756
2020-06-12 10:00:00,128.5,132.8,128.5,132.6,15679
2020-06-12 11:00:00,132.15,134.35,131.0,133.05,18526
2020-06-12 12:00:00,133.05,134.0,132.55,132.6,7086
2020-06-12 13:00:00,132.6,133.5,131.95,133.3,5091
2020-06-12 14:00:00,133.3,134.0,133.05,133.35,5674
2020-06-12 15:00:00,133.35,134.95,133.05,134.8,13051
2020-06-15 10:00:00,134.9,143.65,134.85,139.95,97644
2020-06-15 11:00:00,139.95,141.0,139.15,139.4,24409
2020-06-15 12:00:00,139.4,139.85,137.0,137.75,24820
2020-06-15 13:00:00,137.75,141.0,137.5,139.5,17610
2020-06-15 14:00:00,139.5,140.65,139.05,139.5,14599
2020-06-15 15:00:00,139.7,143.3,133.75,143.3,464065
2020-06-16 10:00:00,148.0,154.0,146.1,149.5,365707
2020-06-16 11:00:00,149.5,154.0,149.35,152.85,135558
2020-06-16 12:00:00,152.85,153.0,150.9,151.95,46706
2020-06-16 13:00:00,151.95,153.0,148.1,148.2,85647
2020-06-16 14:00:00,148.2,148.95,144.0,147.05,108025
2020-06-16 15:00:00,147.05,153.8,146.5,153.05,119175
2020-06-17 10:00:00,152.7,152.7,148.6,150.3,71002
2020-06-17 11:00:00,150.3,150.3,149.1,149.2,13833
2020-06-17 12:00:00,149.2,150.7,149.2,150.4,18327
2020-06-17 13:00:00,150.4,151.9,150.05,150.8,17604
2020-06-17 14:00:00,150.8,151.55,150.0,150.4,13792
2020-06-17 15:00:00,150.4,150.4,147.65,148.5,27631
2020-06-18 10:00:00,150.9,153.9,146.5,150.9,81383
2020-06-18 11:00:00,150.95,152.35,150.2,151.5,16800
2020-06-18 12:00:00,151.5,152.0,151.15,151.5,10878
2020-06-18 13:00:00,151.6,151.9,151.15,151.6,4398
2020-06-18 14:00:00,151.6,151.9,150.7,151.05,15965
2020-06-18 15:00:00,151.05,151.8,149.8,150.3,31764
2020-06-19 10:00:00,151.0,153.0,151.0,152.5,34546
2020-06-19 11:00:00,152.5,153.5,152.25,152.95,20798
2020-06-19 12:00:00,152.95,179.9,151.95,171.5,306330
2020-06-19 13:00:00,171.05,176.0,163.55,165.0,698714
2020-06-19 14:00:00,165.0,167.8,161.25,162.0,217222
2020-06-19 15:00:00,161.75,165.0,161.05,164.9,115853
2020-06-22 10:00:00,165.4,169.0,164.2,166.4,178038
2020-06-22 11:00:00,166.4,168.5,165.55,167.55,64589
2020-06-22 12:00:00,167.0,168.5,166.65,167.3,44309
2020-06-22 13:00:00,167.3,168.0,166.8,167.5,14619
2020-06-22 14:00:00,167.5,168.5,166.85,168.2,37639
2020-06-22 15:00:00,168.2,168.9,167.0,167.6,65968
2020-06-23 10:00:00,169.2,169.95,167.45,168.05,77923
2020-06-23 11:00:00,168.05,184.8,168.05,178.2,267926
2020-06-23 12:00:00,177.9,179.5,177.25,178.15,54931
2020-06-23 13:00:00,178.6,179.0,178.0,178.45,25714
2020-06-23 14:00:00,178.45,180.4,178.25,179.05,307835
2020-06-23 15:00:00,179.05,181.5,178.65,179.85,85830
2020-06-24 10:00:00,183.0,195.25,183.0,189.25,513349
2020-06-24 11:00:00,189.25,190.3,185.0,186.4,103280
2020-06-24 12:00:00,186.25,191.0,185.05,189.9,81385
2020-06-24 13:00:00,189.7,190.0,187.55,187.95,32508
2020-06-24 14:00:00,187.95,189.9,187.05,188.75,41992
2020-06-24 15:00:00,188.7,189.5,185.8,186.4,97842
2020-06-25 10:00:00,183.1,185.9,178.15,184.3,67094
2020-06-25 11:00:00,184.3,187.95,183.05,185.6,81511
2020-06-25 12:00:00,185.6,186.4,182.1,183.0,48411
2020-06-25 13:00:00,183.1,183.4,179.6,181.95,41205
2020-06-25 14:00:00,181.95,183.95,181.35,183.5,16320
2020-06-25 15:00:00,183.5,184.4,182.4,183.4,17682
2020-06-26 10:00:00,185.8,188.95,185.75,186.5,49515
2020-06-26 11:00:00,186.5,188.0,185.8,186.75,23131
2020-06-26 12:00:00,186.75,189.8,186.7,187.8,38750
2020-06-26 13:00:00,187.8,188.25,186.4,187.25,9880
2020-06-26 14:00:00,187.25,189.45,187.0,189.0,254566
2020-06-26 15:00:00,189.0,189.45,186.05,186.45,69163
2020-06-29 10:00:00,186.4,186.4,180.6,185.1,76418
2020-06-29 11:00:00,184.8,189.9,184.55,187.45,47601
2020-06-29 12:00:00,187.65,188.0,184.3,185.4,31430
2020-06-29 13:00:00,185.4,188.0,185.05,185.7,89204
2020-06-29 14:00:00,185.7,187.75,185.1,187.15,8657
2020-06-29 15:00:00,187.15,188.0,186.35,186.8,20842
2020-06-30 10:00:00,188.9,188.9,185.7,185.95,47309
2020-06-30 11:00:00,186.0,187.25,185.5,186.7,7813
2020-06-30 12:00:00,186.7,187.8,186.25,186.65,14139
2020-06-30 13:00:00,186.8,186.8,185.3,186.45,8583
2020-06-30 14:00:00,186.45,187.5,186.2,187.0,11302
2020-06-30 15:00:00,187.0,187.4,185.9,186.05,34352
2020-07-01 10:00:00,187.5,190.95,186.25,186.7,38805
2020-07-01 11:00:00,186.7,187.15,185.35,186.5,26209
2020-07-01 12:00:00,186.5,187.7,186.4,187.0,10237
2020-07-01 13:00:00,187.25,187.8,186.5,186.8,41123
2020-07-01 14:00:00,186.95,187.0,186.1,186.4,15789
2020-07-01 15:00:00,186.4,187.25,186.0,187.0,32355
2020-07-02 10:00:00,188.75,188.95,185.5,185.6,23953
2020-07-02 11:00:00,185.6,185.65,183.05,183.8,25463
2020-07-02 12:00:00,183.8,186.0,183.8,184.5,9765
2020-07-02 13:00:00,184.5,186.9,184.25,185.2,54587
2020-07-02 14:00:00,185.2,186.4,185.05,185.85,8116
2020-07-02 15:00:00,185.85,186.0,184.1,185.0,24824
2020-07-03 10:00:00,186.9,186.9,182.55,185.4,35754
2020-07-03 11:00:00,185.05,186.0,184.55,185.0,6351
2020-07-03 12:00:00,185.0,185.35,184.05,184.95,8273
2020-07-03 13:00:00,184.95,185.0,184.0,184.2,5220
2020-07-03 14:00:00,184.2,184.75,183.9,184.25,6553
2020-07-03 15:00:00,184.25,184.6,183.1,184.25,19300
2020-07-06 10:00:00,183.2,186.95,183.0,185.5,31149
2020-07-06 11:00:00,185.5,185.5,184.05,184.75,65375
2020-07-06 12:00:00,184.75,185.0,184.2,184.65,8208
2020-07-06 13:00:00,184.65,186.0,184.3,185.95,14795
2020-07-06 14:00:00,186.0,186.45,184.0,184.85,23138
2020-07-06 15:00:00,184.85,185.25,184.15,184.95,17760
2020-07-07 10:00:00,185.9,185.9,182.15,184.3,41294
2020-07-07 11:00:00,184.3,184.55,183.95,184.1,4340
2020-07-07 12:00:00,184.1,184.3,183.85,184.05,9235
2020-07-07 13:00:00,184.05,193.8,183.75,192.35,83960
2020-07-07 14:00:00,191.7,192.35,187.55,189.3,69426
2020-07-07 15:00:00,189.3,197.8,188.45,192.0,592727
2020-07-08 10:00:00,194.0,194.0,186.1,187.35,70787
2020-07-08 11:00:00,187.35,194.95,187.15,192.75,193697
2020-07-08 12:00:00,192.75,193.0,189.05,190.15,73348
2020-07-08 13:00:00,190.15,192.0,189.6,191.45,14938
2020-07-08 14:00:00,191.15,191.45,189.35,190.35,29738
2020-07-08 15:00:00,190.35,190.8,187.1,187.8,53941
2020-07-09 10:00:00,188.9,190.75,188.5,190.2,58495
2020-07-09 11:00:00,190.2,191.95,189.8,190.2,20045
2020-07-09 12:00:00,190.2,191.9,190.0,190.05,46682
2020-07-09 13:00:00,190.15,190.75,190.0,190.2,10466
2020-07-09 14:00:00,190.45,190.5,189.55,190.05,72373
2020-07-09 15:00:00,190.05,190.3,189.15,190.25,27129
2020-07-10 10:00:00,190.0,190.3,188.0,188.95,30920
2020-07-10 11:00:00,189.05,189.8,187.1,187.4,22865
2020-07-10 12:00:00,187.4,188.0,185.1,185.65,10536
2020-07-10 13:00:00,185.95,187.0,185.1,185.75,27710
2020-07-10 14:00:00,185.75,186.85,185.3,185.75,6444
2020-07-10 15:00:00,186.0,187.85,185.1,186.65,13975
2020-07-13 10:00:00,184.8,187.55,184.8,186.15,24465
2020-07-13 11:00:00,186.15,187.5,185.5,185.75,10435
2020-07-13 12:00:00,185.55,185.75,185.0,185.2,7313
2020-07-13 13:00:00,185.2,185.25,182.6,183.5,10414
2020-07-13 14:00:00,183.5,183.55,182.45,183.25,6050
2020-07-13 15:00:00,183.25,183.25,178.25,179.25,37251
2020-07-14 10:00:00,178.55,179.55,172.65,173.0,34662
2020-07-14 11:00:00,173.0,173.9,172.9,173.7,64801
2020-07-14 12:00:00,173.7,175.7,173.5,175.45,35883
2020-07-14 13:00:00,175.95,175.95,175.0,175.0,15222
2020-07-14 14:00:00,175.0,182.95,175.0,179.1,48821
2020-07-14 15:00:00,178.85,182.0,178.65,181.25,49322
2020-07-15 10:00:00,181.0,184.25,180.15,182.45,20961
2020-07-15 11:00:00,182.0,183.65,181.65,183.4,20322
2020-07-15 12:00:00,183.5,184.0,183.45,183.8,9274
2020-07-15 13:00:00,183.8,183.8,182.15,182.6,6085
2020-07-15 14:00:00,182.6,183.3,182.15,182.7,3884
2020-07-15 15:00:00,182.5,182.5,177.4,177.75,13494
2020-07-16 10:00:00,177.15,181.9,175.55,180.75,32152
2020-07-16 11:00:00,180.75,181.5,180.0,180.25,11465
2020-07-16 12:00:00,180.4,180.7,180.0,180.0,22935
2020-07-16 13:00:00,180.0,180.75,180.0,180.05,4937
2020-07-16 14:00:00,180.05,180.65,180.0,180.45,8457
2020-07-16 15:00:00,180.45,185.0,180.35,184.0,49442
2020-07-17 10:00:00,184.25,185.85,182.05,182.95,28171
2020-07-17 11:00:00,182.95,183.0,179.05,180.9,19866
2020-07-17 12:00:00,180.9,181.1,178.35,180.5,25074
2020-07-17 13:00:00,180.5,183.2,180.45,182.0,16682
2020-07-17 14:00:00,182.0,182.8,181.2,181.75,5725
2020-07-17 15:00:00,181.75,185.2,180.15,181.05,18538
2020-07-20 10:00:00,181.15,184.15,179.95,182.8,29692
2020-07-20 11:00:00,182.8,183.5,181.9,183.05,9911
2020-07-20 12:00:00,183.05,184.35,183.0,183.5,5179
2020-07-20 13:00:00,183.5,184.0,183.15,183.45,4385
2020-07-20 14:00:00,183.45,184.2,181.85,183.0,7612
2020-07-20 15:00:00,183.0,183.9,182.4,182.75,8098
2020-07-21 10:00:00,184.0,185.4,182.6,184.15,21685
2020-07-21 11:00:00,184.15,184.15,183.5,183.55,3840
2020-07-21 12:00:00,183.55,183.75,183.0,183.2,8847
2020-07-21 13:00:00,183.2,183.5,182.2,183.5,12050
2020-07-21 14:00:00,183.5,185.0,182.8,183.05,13267
2020-07-21 15:00:00,183.05,183.05,182.5,182.9,4662
2020-07-22 10:00:00,185.6,192.8,184.0,188.5,128620
2020-07-22 11:00:00,188.5,189.0,187.0,187.5,21963
2020-07-22 12:00:00,187.45,187.45,186.0,186.5,23263
2020-07-22 13:00:00,186.5,187.3,184.2,186.9,32976
2020-07-22 14:00:00,186.9,187.0,184.2,184.95,26789
2020-07-22 15:00:00,184.95,185.7,184.0,185.1,28924
2020-07-23 10:00:00,186.5,187.9,184.5,185.3,21891
2020-07-23 11:00:00,185.05,186.0,185.0,185.35,7782
2020-07-23 12:00:00,185.35,186.25,185.3,185.9,4732
2020-07-23 13:00:00,185.8,186.0,185.35,185.7,3093
2020-07-23 14:00:00,185.7,186.1,185.5,185.65,5027
2020-07-23 15:00:00,185.65,185.8,184.3,185.2,12420
2020-07-24 10:00:00,183.0,184.45,180.55,182.65,24073
2020-07-24 11:00:00,182.65,182.65,179.05,180.85,13213
2020-07-24 12:00:00,180.85,181.15,179.95,180.35,10997
2020-07-24 13:00:00,180.35,180.9,179.85,180.25,8544
2020-07-24 14:00:00,180.25,181.9,180.0,181.45,5953
2020-07-24 15:00:00,181.5,198.65,180.45,194.4,705191
2020-07-27 10:00:00,195.0,196.8,191.0,192.55,128422
2020-07-27 11:00:00,192.35,202.8,192.3,200.8,185292
2020-07-27 12:00:00,200.8,204.0,199.3,201.65,295612
2020-07-27 13:00:00,201.65,203.0,200.5,201.75,56328
2020-07-27 14:00:00,201.75,202.0,199.0,199.55,62819
2020-07-27 15:00:00,199.55,200.05,195.8,196.45,67159
2020-07-28 10:00:00,195.6,199.5,193.3,197.6,82130
2020-07-28 11:00:00,197.6,197.6,195.0,195.55,28155
2020-07-28 12:00:00,195.55,196.5,194.0,195.3,18391
2020-07-28 13:00:00,195.9,196.4,195.05,195.15,7801
2020-07-28 14:00:00,195.15,195.5,193.5,194.25,13227
2020-07-28 15:00:00,194.25,194.4,188.3,188.95,31084
2020-07-29 10:00:00,189.75,192.15,189.05,190.95,43894
2020-07-29 11:00:00,190.95,191.7,190.0,190.6,16966
2020-07-29 12:00:00,190.6,191.9,190.05,190.4,24805
2020-07-29 13:00:00,190.65,190.8,189.8,190.4,27569
2020-07-29 14:00:00,190.4,190.7,189.7,189.95,15192
2020-07-29 15:00:00,189.95,190.35,189.85,190.2,12739
2020-07-30 10:00:00,190.0,193.5,189.95,191.5,18905
2020-07-30 11:00:00,191.5,191.55,190.0,190.05,7670
2020-07-30 12:00:00,190.25,190.75,190.0,190.3,3329
2020-07-30 13:00:00,190.3,190.7,189.5,190.0,11622
2020-07-30 14:00:00,190.0,190.4,189.05,190.15,9340
2020-07-30 15:00:00,190.15,190.15,188.0,189.3,24143
2020-07-31 10:00:00,190.0,191.6,185.6,189.85,27539
2020-07-31 11:00:00,189.8,190.45,189.8,190.0,35031
2020-07-31 12:00:00,190.0,190.45,189.55,190.0,8015
2020-07-31 13:00:00,190.0,190.4,189.8,190.2,3347
2020-07-31 14:00:00,190.2,191.35,190.2,190.95,10837
2020-07-31 15:00:00,190.95,191.4,190.5,191.0,13672
2020-08-03 10:00:00,189.0,191.95,186.45,188.35,15089
2020-08-03 11:00:00,188.35,190.65,187.15,190.0,16270
2020-08-03 12:00:00,190.0,193.0,190.0,191.3,14080
2020-08-03 13:00:00,192.0,192.4,191.0,191.35,4114
2020-08-03 14:00:00,191.35,191.65,191.0,191.4,3462
2020-08-03 15:00:00,191.4,193.0,191.2,191.4,16313
2020-08-04 10:00:00,193.15,196.1,193.15,194.9,27151
2020-08-04 11:00:00,194.85,195.8,194.5,194.5,6208
2020-08-04 12:00:00,194.5,195.4,194.5,195.0,4003
2020-08-04 13:00:00,195.0,195.4,194.55,194.65,3413
2020-08-04 14:00:00,194.65,194.7,194.05,194.45,3476
2020-08-04 15:00:00,194.5,194.7,190.0,190.3,14151
2020-08-05 10:00:00,191.65,193.5,191.3,192.55,14110
2020-08-05 11:00:00,192.55,192.95,191.0,191.6,5273
2020-08-05 12:00:00,191.6,191.95,190.5,191.25,11596
2020-08-05 13:00:00,191.25,191.95,191.25,191.5,2066
2020-08-05 14:00:00,191.5,191.95,190.9,190.9,2926
2020-08-05 15:00:00,190.9,191.9,190.5,191.65,5903
2020-08-06 10:00:00,191.45,192.0,190.9,191.55,3339
2020-08-06 11:00:00,191.4,191.8,190.1,190.4,3847
2020-08-06 12:00:00,190.4,190.65,189.95,190.0,5101
2020-08-06 13:00:00,190.0,204.55,190.0,202.05,268362
2020-08-06 14:00:00,202.35,202.6,199.75,200.2,85695
2020-08-06 15:00:00,200.2,201.3,199.95,200.05,64247
2020-08-07 10:00:00,202.6,204.0,200.5,201.7,50461
2020-08-07 11:00:00,201.85,201.85,200.0,200.35,16908
2020-08-07 12:00:00,200.35,202.9,200.0,202.3,13459
2020-08-07 13:00:00,202.0,202.95,200.65,202.45,14945
2020-08-07 14:00:00,202.05,202.45,200.1,200.7,13603
2020-08-07 15:00:00,200.7,201.0,198.0,198.45,37713
2020-08-10 10:00:00,200.0,200.0,198.0,198.5,32186
2020-08-10 11:00:00,198.5,198.5,197.55,198.05,8198
2020-08-10 12:00:00,198.05,198.15,197.0,197.6,11372
2020-08-10 13:00:00,197.6,197.95,197.05,197.3,3583
2020-08-10 14:00:00,197.3,197.45,197.0,197.0,3405
2020-08-10 15:00:00,197.0,197.05,196.0,196.15,7950
2020-08-11 10:00:00,196.35,199.9,196.35,197.35,19800
2020-08-11 11:00:00,197.35,198.2,196.4,196.4,6156
2020-08-11 12:00:00,196.4,196.95,193.55,194.9,10545
2020-08-11 13:00:00,194.45,194.9,193.5,194.2,4914
2020-08-11 14:00:00,194.2,194.9,193.7,194.4,3978
2020-08-11 15:00:00,194.4,194.9,192.05,192.65,13479
2020-08-12 10:00:00,192.55,193.3,190.3,192.1,25278
2020-08-12 11:00:00,192.1,192.5,192.0,192.15,4906
2020-08-12 12:00:00,192.15,192.5,192.1,192.45,2929
2020-08-12 13:00:00,192.45,195.0,192.4,194.1,11893
2020-08-12 14:00:00,194.1,194.5,194.0,194.45,5667
2020-08-12 15:00:00,194.4,195.0,192.8,193.0,9083
2020-08-13 10:00:00,192.15,196.0,192.15,194.6,15335
2020-08-13 11:00:00,194.6,194.95,194.2,194.2,3776
2020-08-13 12:00:00,194.35,194.4,192.3,192.95,7419
2020-08-13 13:00:00,192.95,193.95,192.2,193.35,6358
2020-08-13 14:00:00,193.35,193.85,192.8,193.15,3808
2020-08-13 15:00:00,193.15,193.6,192.5,192.55,5428
2020-08-14 10:00:00,192.7,194.0,191.3,192.0,12965
2020-08-14 11:00:00,191.8,192.0,190.35,191.95,14839
2020-08-14 12:00:00,191.95,193.3,191.95,192.9,5966
2020-08-14 13:00:00,192.9,193.0,192.3,192.8,1843
2020-08-14 14:00:00,192.55,192.55,191.6,191.9,14795
2020-08-14 15:00:00,191.9,192.3,191.0,191.25,10841
2020-08-17 10:00:00,194.5,194.5,192.0,193.5,16604
2020-08-17 11:00:00,193.7,194.0,193.0,193.45,6352
2020-08-17 12:00:00,193.45,193.6,193.05,193.4,1933
2020-08-17 13:00:00,193.4,193.6,192.95,193.45,2284
2020-08-17 14:00:00,193.45,193.45,192.65,192.75,2227
2020-08-17 15:00:00,192.75,193.6,192.55,193.6,8363
2020-08-18 10:00:00,193.55,194.5,192.35,194.5,23421
2020-08-18 11:00:00,193.95,194.5,193.05,193.85,10644
2020-08-18 12:00:00,193.85,194.85,193.55,194.4,13692
2020-08-18 13:00:00,194.4,195.1,194.05,194.9,11525
2020-08-18 14:00:00,194.9,195.1,193.3,194.65,9583
2020-08-18 15:00:00,194.55,198.0,194.2,196.5,42536
2020-08-19 10:00:00,201.0,208.0,200.55,206.05,163648
2020-08-19 11:00:00,206.05,207.5,205.6,206.0,47612
2020-08-19 12:00:00,206.2,211.0,205.1,208.0,145038
2020-08-19 13:00:00,208.0,209.5,206.6,209.4,40328
2020-08-19 14:00:00,209.4,227.8,208.05,221.6,2319107
2020-08-19 15:00:00,221.5,226.8,219.25,219.95,679699
2020-08-20 10:00:00,224.0,239.0,223.0,226.8,823804
2020-08-20 11:00:00,226.8,228.45,225.0,227.45,186397
2020-08-20 12:00:00,227.45,228.0,226.0,227.0,55449
2020-08-20 13:00:00,227.0,227.5,225.5,226.8,53211
2020-08-20 14:00:00,226.8,227.3,226.05,227.1,56870
2020-08-20 15:00:00,226.85,227.3,223.1,225.9,175663
2020-08-21 10:00:00,222.7,224.8,220.75,221.65,107886
2020-08-21 11:00:00,221.1,221.95,218.55,219.4,43774
2020-08-21 12:00:00,219.4,220.0,219.0,220.0,15774
2020-08-21 13:00:00,220.0,220.0,218.55,218.6,22814
2020-08-21 14:00:00,218.95,219.0,216.6,218.25,36469
2020-08-21 15:00:00,218.2,218.8,213.0,214.85,54786
2020-08-24 10:00:00,216.0,216.0,208.0,211.8,60904
2020-08-24 11:00:00,211.8,215.8,210.55,215.0,39278
2020-08-24 12:00:00,215.0,215.0,213.35,213.9,11641
2020-08-24 13:00:00,213.9,219.2,213.8,216.35,58644
2020-08-24 14:00:00,216.35,217.2,215.75,215.8,12802
2020-08-24 15:00:00,215.8,216.8,213.1,214.05,20002
2020-08-25 10:00:00,214.9,218.9,213.4,216.0,38551
2020-08-25 11:00:00,216.0,216.9,215.6,216.0,27639
2020-08-25 12:00:00,216.0,217.0,215.95,217.0,12310
2020-08-25 13:00:00,217.0,224.0,216.45,222.8,121604
2020-08-25 14:00:00,222.8,223.0,218.05,218.55,47562
2020-08-25 15:00:00,218.55,221.65,218.35,221.6,40396
2020-08-26 10:00:00,234.9,235.0,229.0,231.2,218149
2020-08-26 11:00:00,231.2,232.35,231.0,231.1,53929
2020-08-26 12:00:00,231.1,231.4,229.65,231.15,35241
2020-08-26 13:00:00,231.15,231.15,230.0,230.0,13891
2020-08-26 14:00:00,230.0,231.5,229.9,231.25,16090
2020-08-26 15:00:00,231.25,231.25,228.4,230.0,47354
2020-08-27 10:00:00,230.0,232.95,230.0,230.5,45534
2020-08-27 11:00:00,230.5,231.3,226.25,230.25,24327
2020-08-27 12:00:00,230.25,231.0,229.75,230.3,17191
2020-08-27 13:00:00,229.7,230.95,229.55,229.85,17053
2020-08-27 14:00:00,229.85,230.5,229.75,230.2,22316
2020-08-27 15:00:00,230.2,236.7,229.55,234.65,96355
2020-08-28 10:00:00,231.5,233.5,230.5,232.0,36764
2020-08-28 11:00:00,232.0,237.8,232.0,234.85,73439
2020-08-28 12:00:00,234.85,236.0,233.3,235.35,26069
2020-08-28 13:00:00,235.35,245.35,233.05,242.5,464275
2020-08-28 14:00:00,242.5,242.5,237.6,238.1,78279
2020-08-28 15:00:00,238.4,238.45,234.3,234.75,92885
2020-08-31 10:00:00,235.1,237.5,225.0,228.5,101145
2020-08-31 11:00:00,228.5,228.5,221.6,223.6,41500
2020-08-31 12:00:00,223.6,224.3,212.0,220.55,57483
2020-08-31 13:00:00,220.55,225.5,217.0,224.95,93323
2020-08-31 14:00:00,225.0,225.15,221.5,222.6,30151
2020-08-31 15:00:00,222.6,222.6,213.45,214.0,82016
2020-09-01 10:00:00,214.0,224.5,214.0,218.3,78144
2020-09-01 11:00:00,218.3,220.0,216.8,217.5,11904
2020-09-01 12:00:00,217.5,218.95,216.2,216.7,12496
2020-09-01 13:00:00,216.7,223.5,215.55,219.1,40459
2020-09-01 14:00:00,219.1,220.9,216.3,218.05,31487
2020-09-01 15:00:00,218.05,218.9,215.65,217.0,20875
2020-09-02 10:00:00,216.25,220.7,215.85,217.9,37422
2020-09-02 11:00:00,217.9,218.7,217.6,218.3,4724
2020-09-02 12:00:00,218.3,227.05,218.0,226.2,65077
2020-09-02 13:00:00,226.2,245.0,225.5,234.5,302209
2020-09-02 14:00:00,234.5,237.1,231.0,234.1,100293
2020-09-02 15:00:00,234.1,235.0,232.3,234.0,37278
2020-09-03 10:00:00,234.05,235.4,230.95,233.15,199961
2020-09-03 11:00:00,233.15,234.25,232.9,233.4,12129
2020-09-03 12:00:00,232.95,234.95,230.95,232.25,19546
2020-09-03 13:00:00,232.5,232.55,230.7,231.15,5967
2020-09-03 14:00:00,231.15,231.15,228.0,230.05,16103
2020-09-03 15:00:00,230.05,230.95,228.6,230.9,21368
2020-09-04 10:00:00,226.1,230.35,222.95,229.5,66133
2020-09-04 11:00:00,229.5,232.5,227.75,229.55,18918
2020-09-04 12:00:00,229.55,230.4,228.0,229.0,16012
2020-09-04 13:00:00,228.75,230.0,227.55,230.0,9757
2020-09-04 14:00:00,230.0,230.0,227.25,227.8,17230
2020-09-04 15:00:00,227.8,229.8,225.25,227.25,32940
2020-09-07 10:00:00,227.0,233.7,223.55,229.15,97124
2020-09-07 11:00:00,229.15,229.3,226.0,228.0,23472
2020-09-07 12:00:00,228.0,229.0,227.5,227.5,6587
2020-09-07 13:00:00,227.5,227.5,225.1,227.4,8451
2020-09-07 14:00:00,227.4,227.9,226.25,227.45,6515
2020-09-07 15:00:00,227.45,227.8,225.0,226.45,12786
2020-09-08 10:00:00,227.0,228.0,225.35,226.35,18022
2020-09-08 11:00:00,226.35,230.55,226.0,228.75,105272
2020-09-08 12:00:00,228.75,228.85,224.1,225.0,12659
2020-09-08 13:00:00,225.0,225.95,223.1,223.1,7371
2020-09-08 14:00:00,223.1,225.7,223.0,224.95,6087
2020-09-08 15:00:00,224.95,225.4,219.35,219.4,19700
2020-09-09 10:00:00,219.7,219.7,212.2,216.0,56407
2020-09-09 11:00:00,216.0,218.65,215.2,217.0,30211
2020-09-09 12:00:00,217.0,217.0,212.95,212.95,7004
2020-09-09 13:00:00,212.95,214.8,209.5,210.5,25789
2020-09-09 14:00:00,210.5,214.8,209.15,213.45,24602
2020-09-09 15:00:00,213.45,214.8,213.45,213.95,9555
2020-09-10 10:00:00,221.8,223.6,218.0,221.0,45335
2020-09-10 11:00:00,220.8,231.0,220.25,227.75,117070
2020-09-10 12:00:00,227.75,227.75,225.25,225.7,14661
2020-09-10 13:00:00,225.9,227.0,223.4,224.75,19139
2020-09-10 14:00:00,224.75,224.95,222.05,222.95,19327
2020-09-10 15:00:00,222.95,226.0,222.95,224.85,21368
2020-09-11 10:00:00,224.1,227.0,223.6,224.95,30897
2020-09-11 11:00:00,224.95,226.75,224.6,225.85,7344
2020-09-11 12:00:00,225.85,226.35,225.1,226.2,9475
2020-09-11 13:00:00,226.2,226.8,225.65,226.0,4248
2020-09-11 14:00:00,226.0,226.45,225.7,226.05,4318
2020-09-11 15:00:00,226.05,226.95,225.55,226.0,9097
2020-09-14 10:00:00,228.9,233.9,227.05,229.85,38060
2020-09-14 11:00:00,229.5,232.0,227.45,230.3,31304
2020-09-14 12:00:00,230.3,231.8,229.05,231.35,10605
2020-09-14 13:00:00,231.35,231.45,230.1,231.3,11764
2020-09-14 14:00:00,230.45,231.0,229.0,229.05,10823
2020-09-14 15:00:00,229.4,229.95,227.0,228.6,15910
2020-09-15 10:00:00,229.15,232.95,228.1,232.0,28883
2020-09-15 11:00:00,232.0,232.7,229.0,230.7,24481
2020-09-15 12:00:00,230.7,232.0,230.25,231.55,6338
2020-09-15 13:00:00,231.55,231.8,228.75,228.8,8244
2020-09-15 14:00:00,228.8,229.9,228.15,229.05,6119
2020-09-15 15:00:00,229.05,229.3,225.35,226.0,14162
2020-09-16 10:00:00,227.0,230.0,225.4,226.3,31144
2020-09-16 11:00:00,226.4,228.7,226.05,227.35,15470
2020-09-16 12:00:00,227.35,227.95,226.0,226.3,5027
2020-09-16 13:00:00,226.3,227.35,226.1,226.1,3078
2020-09-16 14:00:00,226.1,226.95,226.0,226.45,4571
2020-09-16 15:00:00,226.45,228.0,225.5,227.1,14399
2020-09-17 10:00:00,226.85,228.25,224.3,226.7,189165
2020-09-17 11:00:00,226.25,227.5,225.75,227.0,22070
2020-09-17 12:00:00,227.0,229.8,226.0,226.05,20217
2020-09-17 13:00:00,226.05,226.7,226.0,226.3,2208
2020-09-17 14:00:00,226.3,227.75,225.05,225.75,22404
2020-09-17 15:00:00,225.75,226.4,224.3,224.8,8054
2020-09-18 10:00:00,225.85,229.65,225.45,227.8,32684
2020-09-18 11:00:00,227.8,229.45,226.0,226.15,14153
2020-09-18 12:00:00,226.1,226.85,225.8,226.4,5056
2020-09-18 13:00:00,226.7,227.5,226.5,227.1,2362
2020-09-18 14:00:00,227.1,227.25,225.0,225.8,6408
2020-09-18 15:00:00,225.8,226.35,221.5,224.7,10895
2020-09-21 10:00:00,226.8,228.0,224.0,225.2,13370
2020-09-21 11:00:00,225.2,225.9,223.0,223.6,14856
2020-09-21 12:00:00,223.6,229.9,223.2,227.6,44280
2020-09-21 13:00:00,227.7,228.0,225.5,226.0,11830
2020-09-21 14:00:00,225.65,226.5,223.0,223.6,19416
2020-09-21 15:00:00,223.6,223.9,216.25,222.85,47840
2020-09-22 10:00:00,221.0,221.35,203.9,211.85,37162
2020-09-22 11:00:00,211.85,217.45,211.3,216.55,42542
2020-09-22 12:00:00,216.55,221.35,216.5,221.35,14321
2020-09-22 13:00:00,220.95,221.75,218.9,220.0,15548
2020-09-22 14:00:00,220.0,224.6,220.0,222.5,31782
2020-09-22 15:00:00,222.5,223.0,220.25,222.9,14274
2020-09-23 10:00:00,223.2,225.85,220.2,221.2,9577
2020-09-23 11:00:00,221.05,223.1,221.05,222.05,4045
2020-09-23 12:00:00,222.05,222.7,218.25,218.5,11292
2020-09-23 13:00:00,218.5,219.3,213.9,217.25,22746
2020-09-23 14:00:00,217.25,218.4,217.0,218.15,6959
2020-09-23 15:00:00,218.15,220.75,217.45,220.75,3963
2020-09-24 10:00:00,220.0,220.0,211.55,215.05,30715
2020-09-24 11:00:00,215.0,217.0,214.5,214.95,23472
2020-09-24 12:00:00,214.9,220.0,214.8,217.85,35538
2020-09-24 13:00:00,217.85,218.4,214.2,215.25,12366
2020-09-24 14:00:00,215.25,216.45,210.55,214.95,38257
2020-09-24 15:00:00,214.95,218.2,214.55,215.5,6703
2020-09-25 10:00:00,216.6,221.95,216.0,218.2,11892
2020-09-25 11:00:00,218.2,219.45,216.7,218.15,26959
2020-09-25 12:00:00,217.85,218.45,215.05,217.0,9552
2020-09-25 13:00:00,216.9,219.8,216.9,219.15,16723
2020-09-25 14:00:00,219.15,219.75,217.65,218.25,10604
2020-09-25 15:00:00,218.25,223.25,217.6,219.5,31947
2020-09-28 10:00:00,219.95,227.3,219.6,226.45,40044
2020-09-28 11:00:00,226.0,226.4,224.5,225.3,8362
2020-09-28 12:00:00,225.05,226.0,225.0,225.8,2700
2020-09-28 13:00:00,225.45,231.9,225.0,230.4,74732
2020-09-28 14:00:00,230.4,230.5,227.55,230.1,13821
2020-09-28 15:00:00,230.1,231.3,228.6,230.0,19267
2020-09-29 10:00:00,230.0,233.45,228.65,229.35,17998
2020-09-29 11:00:00,229.35,231.0,228.0,231.0,16640
2020-09-29 12:00:00,230.3,231.0,229.5,229.9,3251
2020-09-29 13:00:00,229.9,229.9,228.65,229.6,2907
2020-09-29 14:00:00,229.6,230.8,228.75,230.0,3229
2020-09-29 15:00:00,230.0,230.5,228.0,228.65,5068
2020-09-30 10:00:00,228.0,231.65,227.0,228.05,8813
2020-09-30 11:00:00,227.95,229.0,227.55,228.95,3021
2020-09-30 12:00:00,228.95,228.95,226.55,227.7,4189
2020-09-30 13:00:00,227.7,228.95,227.2,228.25,2760
2020-09-30 14:00:00,228.25,228.6,227.4,228.4,2889
2020-09-30 15:00:00,228.4,228.95,227.6,227.8,4636
2020-10-01 10:00:00,229.95,231.95,228.05,230.05,14785
2020-10-01 11:00:00,230.05,236.55,230.05,235.7,54047
2020-10-01 12:00:00,235.5,235.7,231.4,232.1,33686
2020-10-01 13:00:00,232.1,235.0,232.1,233.5,23167
2020-10-01 14:00:00,233.5,234.95,233.5,234.0,11573
2020-10-01 15:00:00,234.0,234.6,230.9,232.1,27010
2020-10-05 10:00:00,231.4,233.35,226.7,230.7,31804
2020-10-05 11:00:00,230.7,239.7,229.1,233.05,151470
2020-10-05 12:00:00,233.05,233.75,226.0,228.45,48172
2020-10-05 13:00:00,228.45,229.7,227.65,228.8,4338
2020-10-05 14:00:00,228.8,231.85,227.15,227.6,20601
2020-10-05 15:00:00,227.6,229.3,226.2,228.05,13916
2020-10-06 10:00:00,228.8,229.4,226.65,228.1,14145
2020-10-06 11:00:00,228.1,228.1,225.2,227.6,7814
2020-10-06 12:00:00,227.6,227.85,227.1,227.7,1163
2020-10-06 13:00:00,227.1,228.55,227.1,228.0,2695
2020-10-06 14:00:00,228.0,228.35,227.15,228.05,2666
2020-10-06 15:00:00,228.05,229.0,226.05,227.4,7713
2020-10-07 10:00:00,227.5,228.45,225.95,228.0,9298
2020-10-07 11:00:00,228.0,236.45,227.9,228.5,133622
2020-10-07 12:00:00,228.5,230.2,228.5,230.0,18479
2020-10-07 13:00:00,230.0,230.0,229.3,229.9,5662
2020-10-07 14:00:00,229.9,230.25,229.3,229.95,12179
2020-10-07 15:00:00,229.95,230.8,229.5,230.0,28228
2020-10-08 10:00:00,234.4,234.75,230.0,230.65,80513
2020-10-08 11:00:00,230.65,234.05,230.1,233.5,20419
2020-10-08 12:00:00,233.5,234.8,231.0,231.0,21340
2020-10-08 13:00:00,231.0,231.35,230.8,231.15,3200
2020-10-08 14:00:00,231.15,231.2,229.0,230.0,8771
2020-10-08 15:00:00,230.0,230.0,228.5,228.7,9956
2020-10-09 10:00:00,228.5,230.1,228.0,229.05,6474
2020-10-09 11:00:00,229.05,232.9,229.05,230.4,9647
2020-10-09 12:00:00,230.4,233.9,229.85,230.4,14441
2020-10-09 13:00:00,230.7,232.0,228.1,231.4,23059
2020-10-09 14:00:00,230.85,231.4,226.8,228.6,15907
2020-10-09 15:00:00,228.6,229.9,227.55,228.55,6392
2020-10-12 10:00:00,227.5,230.75,227.05,229.4,39174
2020-10-12 11:00:00,229.4,229.4,226.45,227.5,64632
2020-10-12 12:00:00,227.5,227.8,227.0,227.35,63063
2020-10-12 13:00:00,227.35,230.0,227.0,227.55,10048
2020-10-12 14:00:00,227.55,230.95,227.55,229.55,121490
2020-10-12 15:00:00,229.55,229.6,227.0,227.5,28093
2020-10-13 10:00:00,234.0,234.0,227.5,228.35,10298
2020-10-13 11:00:00,228.35,230.0,228.35,228.95,3526
2020-10-13 12:00:00,228.95,230.0,225.3,226.8,32409
2020-10-13 13:00:00,226.8,227.5,225.55,226.0,11292
2020-10-13 14:00:00,225.6,227.05,225.15,226.85,7512
2020-10-13 15:00:00,226.85,226.85,225.7,226.0,13520
2020-10-14 10:00:00,228.4,228.4,223.85,224.95,14249
2020-10-14 11:00:00,224.95,226.25,224.95,225.5,1601
2020-10-14 12:00:00,225.5,226.0,224.7,225.45,3064
2020-10-14 13:00:00,225.2,225.9,225.0,225.05,1999
2020-10-14 14:00:00,225.05,225.8,225.0,225.8,717
2020-10-14 15:00:00,225.8,227.95,224.75,227.4,18682
2020-10-15 10:00:00,227.05,229.8,225.0,227.65,14557
2020-10-15 11:00:00,227.65,227.95,225.35,226.5,9900
2020-10-15 12:00:00,226.5,227.0,226.25,226.9,1824
2020-10-15 13:00:00,226.65,227.85,226.4,227.6,4025
2020-10-15 14:00:00,227.6,227.65,225.8,226.55,11057
2020-10-15 15:00:00,226.5,227.95,226.15,226.95,10057
2020-10-16 10:00:00,226.1,230.35,226.0,228.6,20018
2020-10-16 11:00:00,228.45,229.0,228.15,228.7,2061
2020-10-16 12:00:00,228.7,229.35,228.5,228.95,1971
2020-10-16 13:00:00,229.0,229.95,228.3,228.7,5129
2020-10-16 14:00:00,228.7,229.8,228.7,229.8,1285
2020-10-16 15:00:00,229.8,231.45,228.6,230.55,14730
2020-10-19 10:00:00,233.7,242.0,233.7,237.9,134604
2020-10-19 11:00:00,237.9,238.8,235.2,235.2,64417
2020-10-19 12:00:00,235.1,237.9,234.65,237.0,21010
2020-10-19 13:00:00,237.0,239.5,236.55,239.05,20229
2020-10-19 14:00:00,239.05,240.35,236.0,236.85,65180
2020-10-19 15:00:00,236.85,249.85,234.05,234.6,1117264
2020-10-20 10:00:00,232.9,239.0,231.15,231.4,179747
2020-10-20 11:00:00,231.4,232.9,229.5,230.65,83521
2020-10-20 12:00:00,231.05,232.45,230.05,230.5,28106
2020-10-20 13:00:00,230.5,231.5,230.0,230.85,15141
2020-10-20 14:00:00,230.85,231.4,229.6,229.65,16515
2020-10-20 15:00:00,229.65,230.85,229.6,230.45,29732
2020-10-21 10:00:00,235.0,235.05,232.05,233.2,44679
2020-10-21 11:00:00,233.2,233.3,232.1,233.0,12057
2020-10-21 12:00:00,233.0,233.5,232.25,232.95,7808
2020-10-21 13:00:00,232.95,232.95,230.5,232.05,10075
2020-10-21 14:00:00,232.05,232.05,225.6,227.0,31745
2020-10-21 15:00:00,226.5,229.95,225.95,229.65,17355
2020-10-22 10:00:00,228.9,228.9,224.55,227.05,26226
2020-10-22 11:00:00,227.05,228.65,225.85,228.65,8919
2020-10-22 12:00:00,228.65,232.6,228.3,229.95,29133
2020-10-22 13:00:00,229.95,230.2,229.5,230.0,4511
2020-10-22 14:00:00,230.0,230.55,229.75,230.0,4060
2020-10-22 15:00:00,230.0,230.1,229.0,229.85,7573
2020-10-23 10:00:00,229.5,234.5,229.05,233.55,40289
2020-10-23 11:00:00,233.55,233.8,231.0,231.8,9835
2020-10-23 12:00:00,231.8,232.75,230.5,232.0,8464
2020-10-23 13:00:00,232.0,234.25,231.8,233.75,11928
2020-10-23 14:00:00,233.75,234.5,233.05,234.25,16818
2020-10-23 15:00:00,234.25,234.4,231.85,232.55,14539
2020-10-26 10:00:00,232.4,232.55,229.4,230.5,13064
2020-10-26 11:00:00,230.65,231.3,230.65,230.75,3258
2020-10-26 12:00:00,230.75,230.85,230.0,230.0,5489
2020-10-26 13:00:00,230.45,230.5,229.85,230.15,10323
2020-10-26 14:00:00,230.15,230.65,229.85,230.05,9871
2020-10-26 15:00:00,230.05,230.35,229.9,230.0,7948
2020-10-27 10:00:00,229.0,229.2,224.5,226.6,18192
2020-10-27 11:00:00,226.6,228.1,225.3,226.1,17709
2020-10-27 12:00:00,226.0,226.1,224.55,226.0,23933
2020-10-27 13:00:00,225.35,225.7,224.55,224.95,6032
2020-10-27 14:00:00,224.95,225.5,224.65,224.8,6536
2020-10-27 15:00:00,224.8,225.95,224.65,225.65,9685
2020-10-28 10:00:00,228.95,231.0,226.5,228.8,15757
2020-10-28 11:00:00,228.8,228.9,228.05,228.6,2498
2020-10-28 12:00:00,228.6,229.95,228.6,229.75,5805
2020-10-28 13:00:00,229.75,229.85,227.5,227.95,10966
2020-10-28 14:00:00,227.95,229.25,227.5,228.0,7486
2020-10-28 15:00:00,228.0,229.85,227.45,227.95,10155
2020-10-29 10:00:00,225.0,225.95,221.65,224.55,21287
2020-10-29 11:00:00,224.55,224.6,223.8,224.25,1953
2020-10-29 12:00:00,224.25,224.7,223.8,224.65,3448
2020-10-29 13:00:00,224.65,225.3,223.85,224.85,5063
2020-10-29 14:00:00,224.85,224.85,223.55,223.95,1484
2020-10-29 15:00:00,223.95,224.5,223.5,224.5,7599
2020-10-30 10:00:00,222.65,227.0,222.65,226.2,9258
2020-10-30 11:00:00,226.2,229.4,226.05,227.65,8473
2020-10-30 12:00:00,227.65,228.45,227.55,228.25,6735
2020-10-30 13:00:00,228.25,228.45,227.15,228.15,21996
2020-10-30 14:00:00,228.15,231.75,227.95,230.05,14737
2020-10-30 15:00:00,230.05,231.85,229.8,230.75,12121
2020-11-02 10:00:00,233.0,233.0,227.55,230.5,13640
2020-11-02 11:00:00,230.5,232.95,230.5,232.05,7533
2020-11-02 12:00:00,232.05,232.5,231.85,232.2,5767
2020-11-02 13:00:00,232.2,232.75,232.2,232.25,9409
2020-11-02 14:00:00,232.25,238.2,232.25,237.8,52248
2020-11-02 15:00:00,237.6,237.8,235.5,236.0,37116
2020-11-03 10:00:00,240.0,240.0,233.5,235.15,13948
2020-11-03 11:00:00,235.15,235.6,234.15,234.65,4249
2020-11-03 12:00:00,234.65,235.1,234.25,235.1,5911
2020-11-03 13:00:00,235.1,235.55,234.95,235.0,3630
2020-11-03 14:00:00,235.0,235.55,235.0,235.0,2500
2020-11-03 15:00:00,235.0,235.55,235.0,235.0,6202
2020-11-04 10:00:00,233.1,234.8,232.05,233.45,9291
2020-11-04 11:00:00,233.45,236.5,233.25,235.4,9012
2020-11-04 12:00:00,235.4,235.75,235.0,235.45,2169
2020-11-04 13:00:00,235.45,235.55,235.0,235.0,11050
2020-11-04 14:00:00,235.0,235.45,235.0,235.0,10798
2020-11-04 15:00:00,235.0,237.75,235.0,237.5,16465
2020-11-05 10:00:00,236.4,241.4,235.4,235.8,37265
2020-11-05 11:00:00,235.8,236.75,234.0,236.5,30642
2020-11-05 12:00:00,236.5,237.0,236.0,236.15,23430
2020-11-05 13:00:00,236.15,237.45,236.0,237.45,7592
2020-11-05 14:00:00,237.45,237.75,236.0,236.5,8911
2020-11-05 15:00:00,236.5,237.75,236.5,237.6,62934
2020-11-06 10:00:00,236.8,241.1,235.5,240.4,35286
2020-11-06 11:00:00,240.4,246.0,240.0,244.4,69828
2020-11-06 12:00:00,244.4,254.05,244.0,245.85,256323
2020-11-06 13:00:00,245.85,258.5,245.1,257.6,219953
2020-11-06 14:00:00,257.6,257.6,253.0,256.55,90337
2020-11-06 15:00:00,256.55,258.4,251.25,255.9,128363
2020-11-09 10:00:00,262.0,264.0,251.6,256.6,353839
2020-11-09 11:00:00,256.6,258.35,254.5,254.9,104926
2020-11-09 12:00:00,254.9,255.25,254.0,254.9,31649
2020-11-09 13:00:00,254.9,259.0,254.9,258.65,111707
2020-11-09 14:00:00,258.65,262.2,258.55,259.8,101125
2020-11-09 15:00:00,259.8,263.8,259.8,263.3,129153
2020-11-10 10:00:00,265.0,268.4,261.6,267.35,107731
2020-11-10 11:00:00,267.35,268.15,264.25,266.2,30543
2020-11-10 12:00:00,266.2,267.6,262.8,264.45,42409
2020-11-10 13:00:00,264.45,265.45,264.3,264.5,18288
2020-11-10 14:00:00,264.5,264.85,256.55,256.65,33687
2020-11-10 15:00:00,256.65,262.95,255.2,257.95,51839
2020-11-11 10:00:00,259.0,261.25,257.55,258.5,40828
2020-11-11 11:00:00,258.5,259.0,255.2,255.2,14679
2020-11-11 12:00:00,255.2,256.45,252.55,255.55,23635
2020-11-11 13:00:00,255.55,261.35,255.3,261.1,55377
2020-11-11 14:00:00,261.35,261.35,258.0,259.75,15219
2020-11-11 15:00:00,259.75,259.8,258.25,258.8,12672
2020-11-12 10:00:00,259.9,259.9,255.0,256.0,28198
2020-11-12 11:00:00,257.0,259.95,256.9,257.95,8961
2020-11-12 12:00:00,257.95,259.65,257.5,257.55,4093
2020-11-12 13:00:00,257.55,259.45,257.35,257.9,6093
2020-11-12 14:00:00,257.9,258.45,256.4,256.9,5233
2020-11-12 15:00:00,256.9,257.1,254.05,255.6,20023
2020-11-13 10:00:00,255.5,255.5,251.1,252.3,19642
2020-11-13 11:00:00,252.3,255.9,252.3,253.85,11520
2020-11-13 12:00:00,253.85,254.6,252.8,254.0,16571
2020-11-13 13:00:00,253.55,253.95,252.1,253.0,4704
2020-11-13 14:00:00,253.0,253.8,252.85,253.8,7311
2020-11-13 15:00:00,253.8,254.6,253.0,253.25,6331
2020-11-14 19:00:00,256.0,262.0,254.0,258.2,46485
2020-11-17 10:00:00,258.95,261.0,255.05,259.95,39559
2020-11-17 11:00:00,259.95,259.95,251.3,254.1,37811
2020-11-17 12:00:00,254.1,254.8,250.4,251.75,36322
2020-11-17 13:00:00,251.75,252.95,250.45,252.75,12881
2020-11-17 14:00:00,252.75,253.35,252.5,252.95,6167
2020-11-17 15:00:00,252.95,253.0,252.0,252.4,15078
2020-11-18 10:00:00,253.25,256.9,253.25,256.5,25365
2020-11-18 11:00:00,256.5,256.55,255.1,255.35,17008
2020-11-18 12:00:00,255.2,256.8,255.0,256.0,10621
2020-11-18 13:00:00,256.0,257.8,256.0,256.45,11134
2020-11-18 14:00:00,256.45,257.8,255.55,255.7,12596
2020-11-18 15:00:00,255.7,257.0,254.45,254.8,15976
2020-11-19 10:00:00,254.6,257.0,252.95,255.7,15367
2020-11-19 11:00:00,255.7,256.5,254.3,254.95,8567
2020-11-19 12:00:00,254.95,255.5,254.1,255.2,5903
2020-11-19 13:00:00,255.1,255.35,254.0,254.35,9534
2020-11-19 14:00:00,254.35,254.7,252.8,253.5,6964
2020-11-19 15:00:00,253.5,253.5,249.05,249.75,19660
2020-11-20 10:00:00,250.15,257.2,250.15,255.5,37471
2020-11-20 11:00:00,255.5,255.95,253.35,255.05,17783
2020-11-20 12:00:00,255.05,256.0,253.1,255.4,12793
2020-11-20 13:00:00,255.4,255.7,254.4,255.05,3973
2020-11-20 14:00:00,255.05,256.0,255.0,255.5,11798
2020-11-20 15:00:00,255.5,265.9,255.0,263.0,89284
2020-11-23 10:00:00,260.0,265.0,258.9,260.85,45076
2020-11-23 11:00:00,260.85,262.15,259.0,261.0,17311
2020-11-23 12:00:00,261.0,262.45,260.25,261.0,6852
2020-11-23 13:00:00,261.0,262.45,260.6,261.95,4943
2020-11-23 14:00:00,261.95,262.0,259.1,259.3,10349
2020-11-23 15:00:00,259.8,260.95,259.0,259.7,6809
2020-11-24 10:00:00,254.9,262.0,254.85,257.4,51079
2020-11-24 11:00:00,256.95,257.8,254.25,254.65,20999
2020-11-24 12:00:00,254.65,257.0,254.25,256.4,13434
2020-11-24 13:00:00,256.4,256.8,254.5,256.35,26215
2020-11-24 14:00:00,256.35,256.35,254.45,255.45,7434
2020-11-24 15:00:00,255.45,255.95,254.45,254.6,7714
2020-11-25 10:00:00,254.8,258.4,254.8,256.3,24343
2020-11-25 11:00:00,256.3,256.9,252.05,253.0,79892
2020-11-25 12:00:00,253.0,255.25,253.0,254.3,5320
2020-11-25 13:00:00,254.3,255.75,254.0,255.75,5843
2020-11-25 14:00:00,255.75,255.8,254.55,254.55,7117
2020-11-25 15:00:00,254.55,257.0,254.5,256.8,13759
2020-11-26 10:00:00,257.0,257.95,253.4,254.65,11427
2020-11-26 11:00:00,254.65,256.1,254.35,255.5,4269
2020-11-26 12:00:00,255.5,256.55,251.1,251.75,39687
2020-11-26 13:00:00,251.75,253.0,251.75,252.7,8002
2020-11-26 14:00:00,252.7,253.3,251.6,252.75,41493
2020-11-26 15:00:00,252.75,253.15,251.05,251.9,10708
2020-11-27 10:00:00,251.0,252.5,247.45,251.9,40219
2020-11-27 11:00:00,251.9,252.8,251.75,252.25,12180
2020-11-27 12:00:00,252.25,252.95,252.25,252.7,4490
2020-11-27 13:00:00,252.7,253.8,252.1,252.35,4999
2020-11-27 14:00:00,252.35,252.65,251.75,251.75,2683
2020-11-27 15:00:00,251.75,252.4,249.95,251.05,20207
2020-12-01 10:00:00,242.45,248.5,238.05,247.0,88521
2020-12-01 11:00:00,246.75,249.9,246.65,249.15,22540
2020-12-01 12:00:00,249.15,249.25,245.05,247.2,22388
2020-12-01 13:00:00,246.85,247.95,246.05,247.2,8145
2020-12-01 14:00:00,247.2,249.75,247.2,248.6,11141
2020-12-01 15:00:00,248.65,248.65,246.55,247.1,16761
2020-12-02 10:00:00,245.0,245.0,237.55,240.15,127682
2020-12-02 11:00:00,240.15,241.85,239.0,239.4,77035
2020-12-02 12:00:00,239.4,240.75,235.2,236.35,294133
2020-12-02 13:00:00,236.35,238.8,233.0,234.6,145132
2020-12-02 14:00:00,234.6,235.0,232.65,233.25,105868
2020-12-02 15:00:00,233.0,233.5,232.1,232.75,169177
2020-12-03 10:00:00,230.0,231.0,224.1,227.0,323144
2020-12-03 11:00:00,227.0,228.45,225.95,226.45,123074
2020-12-03 12:00:00,226.45,227.0,225.65,226.0,56938
2020-12-03 13:00:00,226.0,227.4,225.25,227.15,109253
2020-12-03 14:00:00,227.15,228.2,226.5,227.5,92686
2020-12-03 15:00:00,227.3,227.5,224.0,224.4,280485
2020-12-04 10:00:00,226.0,228.5,219.5,226.05,230499
2020-12-04 11:00:00,226.05,227.5,225.55,225.75,100707
2020-12-04 12:00:00,226.15,226.5,224.9,225.3,48129
2020-12-04 13:00:00,225.05,225.55,223.8,224.0,44086
2020-12-04 14:00:00,224.0,225.2,223.5,224.8,64203
2020-12-04 15:00:00,224.8,225.5,224.0,224.8,100548
2020-12-07 10:00:00,225.0,227.5,224.0,224.9,102622
2020-12-07 11:00:00,224.9,225.35,223.05,225.1,49752
2020-12-07 12:00:00,225.1,226.7,224.2,226.7,63537
2020-12-07 13:00:00,226.7,226.7,224.55,225.5,63342
2020-12-07 14:00:00,225.5,225.5,224.5,224.75,23503
2020-12-07 15:00:00,224.75,225.2,224.45,224.95,42135
2020-12-08 10:00:00,226.0,226.9,224.0,225.95,73730
2020-12-08 11:00:00,225.95,226.2,224.5,224.8,52890
2020-12-08 12:00:00,224.8,224.8,221.5,223.5,61818
2020-12-08 13:00:00,223.35,224.8,223.3,224.8,16449
2020-12-08 14:00:00,224.8,224.8,224.45,224.7,34091
2020-12-08 15:00:00,224.7,225.9,224.05,224.7,27548
2020-12-09 10:00:00,226.4,226.85,223.65,225.35,87596
2020-12-09 11:00:00,225.35,225.95,224.55,225.35,43079
2020-12-09 12:00:00,225.35,230.0,225.25,229.8,166540
2020-12-09 13:00:00,229.8,234.1,228.5,231.95,267089
2020-12-09 14:00:00,231.95,232.0,228.65,230.45,103703
2020-12-09 15:00:00,230.45,232.4,229.35,232.0,183352
2020-12-10 10:00:00,234.0,234.0,224.75,226.0,130538
2020-12-10 11:00:00,226.0,228.45,225.55,228.35,34192
2020-12-10 12:00:00,228.35,228.35,226.9,227.55,13764
2020-12-10 13:00:00,227.55,228.5,226.55,228.3,24592
2020-12-10 14:00:00,228.3,228.75,225.75,226.95,39087
2020-12-10 15:00:00,226.95,227.15,225.2,225.4,42688
2020-12-11 10:00:00,225.8,228.95,225.65,225.65,60588
2020-12-11 11:00:00,225.65,227.0,225.65,226.5,19177
2020-12-11 12:00:00,226.5,226.65,224.8,225.0,35784
2020-12-11 13:00:00,224.95,225.35,224.5,225.1,13255
2020-12-11 14:00:00,225.1,225.35,223.0,223.3,32182
2020-12-11 15:00:00,223.3,224.25,222.3,223.05,42468
2020-12-14 10:00:00,226.0,226.0,223.2,223.5,59748
2020-12-14 11:00:00,223.5,223.5,219.2,221.5,118291
2020-12-14 12:00:00,221.5,222.5,221.0,221.55,64935
2020-12-14 13:00:00,221.55,222.0,220.9,221.2,33021
2020-12-14 14:00:00,221.45,222.0,220.5,221.6,16066
2020-12-14 15:00:00,221.6,222.1,220.0,220.2,50639
2020-12-15 10:00:00,215.8,219.6,215.8,217.4,111091
2020-12-15 11:00:00,217.4,221.45,215.5,216.5,91098
2020-12-15 12:00:00,216.5,216.65,212.25,214.95,98237
2020-12-15 13:00:00,214.95,215.0,212.6,213.5,67563
2020-12-15 14:00:00,213.5,214.6,211.4,214.5,96993
2020-12-15 15:00:00,214.5,215.25,213.05,213.85,84209
2020-12-16 10:00:00,216.4,217.75,214.5,217.5,69037
2020-12-16 11:00:00,217.5,218.45,216.55,217.6,37610
2020-12-16 12:00:00,217.6,218.0,217.0,217.7,12412
2020-12-16 13:00:00,217.7,217.7,215.7,216.05,23909
2020-12-16 14:00:00,216.05,216.95,216.05,216.6,6143
2020-12-16 15:00:00,216.6,216.7,215.25,215.95,29631
2020-12-17 10:00:00,222.0,223.7,220.0,222.0,202306
2020-12-17 11:00:00,222.0,226.3,221.85,225.9,248796
2020-12-17 12:00:00,225.9,231.45,225.7,226.3,449496
2020-12-17 13:00:00,226.3,228.95,226.3,227.5,99553
2020-12-17 14:00:00,227.1,227.5,224.65,225.6,104259
2020-12-17 15:00:00,225.6,225.65,221.5,221.65,147776
2020-12-18 10:00:00,222.95,222.95,218.0,219.15,93532
2020-12-18 11:00:00,219.15,221.5,219.0,221.4,35993
2020-12-18 12:00:00,221.4,222.7,220.8,221.6,28353
2020-12-18 13:00:00,221.6,221.75,220.1,220.95,13367
2020-12-18 14:00:00,220.95,222.6,220.1,222.55,25663
2020-12-18 15:00:00,222.55,226.25,222.55,224.15,127983
2020-12-21 10:00:00,224.0,224.05,221.0,223.75,48000
2020-12-21 11:00:00,223.75,224.85,223.35,224.0,35594
2020-12-21 12:00:00,224.0,225.35,223.5,225.35,37160
2020-12-21 13:00:00,225.35,225.4,221.7,221.85,113470
2020-12-21 14:00:00,221.9,222.0,219.2,221.5,83234
2020-12-21 15:00:00,221.5,221.5,193.2,216.05,185883
2020-12-22 10:00:00,217.0,218.9,207.0,215.5,132891
2020-12-22 11:00:00,215.5,216.5,215.0,215.3,40490
2020-12-22 12:00:00,215.3,216.25,213.35,216.0,29409
2020-12-22 13:00:00,216.0,217.7,215.0,216.5,32040
2020-12-22 14:00:00,216.5,220.0,215.0,219.45,239169
2020-12-22 15:00:00,219.45,220.9,218.0,220.85,890767
2020-12-23 10:00:00,224.7,224.7,218.7,223.3,49016
2020-12-23 11:00:00,223.3,223.85,222.85,223.15,14733
2020-12-23 12:00:00,223.15,224.3,222.0,224.1,29274
2020-12-23 13:00:00,224.1,226.0,224.0,224.5,34532
2020-12-23 14:00:00,224.5,225.8,224.0,225.45,46877
2020-12-23 15:00:00,225.45,226.0,225.0,225.55,43491
2020-12-24 10:00:00,227.0,228.0,225.5,226.5,60841
2020-12-24 11:00:00,226.5,226.95,225.05,225.4,21972
2020-12-24 12:00:00,225.4,225.4,220.8,221.45,53197
2020-12-24 13:00:00,221.45,222.5,220.5,222.3,41716
2020-12-24 14:00:00,222.3,223.25,221.15,222.5,81978
2020-12-24 15:00:00,222.2,223.1,221.0,221.0,85306
2020-12-28 10:00:00,224.9,224.9,221.35,222.0,164521
2020-12-28 11:00:00,222.0,222.25,221.35,221.9,56790
2020-12-28 12:00:00,221.9,221.9,221.0,221.05,24002
2020-12-28 13:00:00,221.05,221.9,220.7,221.45,16129
2020-12-28 14:00:00,221.45,221.9,221.0,221.9,7578
2020-12-28 15:00:00,221.85,222.0,220.85,221.4,25144
2020-12-29 10:00:00,223.25,223.9,221.0,221.85,63218
2020-12-29 11:00:00,221.85,221.95,220.0,220.85,180798
2020-12-29 12:00:00,220.85,221.7,220.4,220.95,9539
2020-12-29 13:00:00,220.95,221.3,220.15,221.25,15255
2020-12-29 14:00:00,221.25,221.9,220.8,221.6,11058
2020-12-29 15:00:00,221.6,221.9,221.0,221.3,18647
2020-12-30 10:00:00,222.9,222.9,218.45,219.0,33604
2020-12-30 11:00:00,218.6,219.25,218.0,219.0,17316
2020-12-30 12:00:00,219.0,219.0,218.0,218.2,20827
2020-12-30 13:00:00,218.2,218.5,217.05,217.55,22784
2020-12-30 14:00:00,217.55,218.1,217.55,217.9,8255
2020-12-30 15:00:00,217.9,217.9,216.0,216.35,62799
2020-12-31 10:00:00,218.1,219.25,217.3,218.2,78675
2020-12-31 11:00:00,218.2,219.15,217.4,218.2,64558
2020-12-31 12:00:00,218.1,219.0,218.0,218.25,20157
2020-12-31 13:00:00,218.25,219.0,218.25,219.0,20283
2020-12-31 14:00:00,219.0,219.0,218.55,218.85,11077
2020-12-31 15:00:00,218.85,218.85,218.0,218.05,25571
2021-01-01 10:00:00,218.95,219.7,217.85,218.0,29478
2021-01-01 11:00:00,218.05,218.7,217.5,218.5,16146
2021-01-01 12:00:00,218.5,219.0,217.6,217.9,18883
2021-01-01 13:00:00,217.95,218.05,217.05,218.05,28237
2021-01-01 14:00:00,218.0,218.45,217.5,217.7,16193
2021-01-01 15:00:00,217.95,218.95,217.7,218.8,83488
2021-01-04 10:00:00,225.3,228.0,222.3,223.2,325738
2021-01-04 11:00:00,223.2,226.0,221.3,224.5,218175
2021-01-04 12:00:00,224.5,225.35,223.6,225.25,63958
2021-01-04 13:00:00,225.25,227.0,224.6,226.1,99015
2021-01-04 14:00:00,226.1,226.1,224.5,224.85,82018
2021-01-04 15:00:00,224.85,226.5,224.3,224.55,93479
2021-01-05 10:00:00,223.9,223.9,220.35,220.55,46533
2021-01-05 11:00:00,220.55,222.55,220.25,222.45,34487
2021-01-05 12:00:00,222.5,224.3,222.25,224.3,20922
2021-01-05 13:00:00,224.3,224.4,223.05,223.45,15263
2021-01-05 14:00:00,223.5,224.0,222.35,223.5,14522
2021-01-05 15:00:00,223.5,228.9,223.25,225.1,163040
2021-01-06 10:00:00,226.5,228.9,226.45,228.0,143113
2021-01-06 11:00:00,228.0,231.0,227.5,228.65,215268
2021-01-06 12:00:00,228.65,231.3,228.6,230.05,149866
2021-01-06 13:00:00,230.05,230.95,229.5,229.95,58979
2021-01-06 14:00:00,229.95,231.15,226.5,226.65,170576
2021-01-06 15:00:00,226.6,229.9,225.9,227.6,200440
2021-01-07 10:00:00,229.5,229.5,226.2,228.0,72350
2021-01-07 11:00:00,228.0,228.35,225.65,226.35,43310
2021-01-07 12:00:00,226.35,228.35,225.55,226.7,111345
2021-01-07 13:00:00,226.7,227.9,226.7,227.25,26121
2021-01-07 14:00:00,227.3,228.9,227.05,228.8,44933
2021-01-07 15:00:00,228.8,241.4,228.1,237.3,1114485
2021-01-08 10:00:00,239.45,240.0,235.0,237.2,142943
2021-01-08 11:00:00,237.0,238.8,236.4,236.55,72337
2021-01-08 12:00:00,236.55,238.65,236.2,238.4,66445
2021-01-08 13:00:00,238.4,239.05,237.9,238.9,72016
2021-01-08 14:00:00,238.9,238.9,237.3,237.5,56366
2021-01-08 15:00:00,237.5,238.4,235.0,235.2,91437
2021-01-11 10:00:00,235.35,236.5,232.55,232.95,63171
2021-01-11 11:00:00,232.95,233.5,231.5,232.45,32036
2021-01-11 12:00:00,232.45,232.65,230.75,231.55,24044
2021-01-11 13:00:00,231.55,232.3,230.85,231.2,5256
2021-01-11 14:00:00,231.2,232.5,230.55,231.9,15120
2021-01-11 15:00:00,231.9,232.55,230.6,231.3,21195
2021-01-12 10:00:00,230.1,232.35,228.45,230.25,31385
2021-01-12 11:00:00,230.25,230.25,229.0,229.3,12382
2021-01-12 12:00:00,229.3,230.0,228.65,229.75,21934
2021-01-12 13:00:00,229.75,230.0,229.35,229.65,12294
2021-01-12 14:00:00,229.65,230.0,229.05,229.4,17597
2021-01-12 15:00:00,229.4,234.95,229.2,231.2,82302
2021-01-13 10:00:00,233.0,233.0,229.0,230.0,48495
2021-01-13 11:00:00,229.7,231.55,229.1,231.45,22125
2021-01-13 12:00:00,231.2,231.6,228.9,229.75,26038
2021-01-13 13:00:00,229.5,230.4,229.1,229.3,13052
2021-01-13 14:00:00,229.3,229.65,227.1,228.1,26224
2021-01-13 15:00:00,228.5,229.45,228.1,228.6,17139
2021-01-14 10:00:00,230.0,230.0,227.1,228.0,19445
2021-01-14 11:00:00,227.7,228.0,225.35,227.0,34145
2021-01-14 12:00:00,227.05,227.7,226.1,227.4,6999
2021-01-14 13:00:00,227.6,228.0,226.5,227.3,17330
2021-01-14 14:00:00,227.35,228.0,226.6,228.0,12299
2021-01-14 15:00:00,227.75,227.95,227.0,227.55,11347
2021-01-15 10:00:00,227.35,228.75,225.1,226.8,32941
2021-01-15 11:00:00,226.8,227.45,224.0,225.0,40856
2021-01-15 12:00:00,225.0,225.5,222.05,225.0,21911
2021-01-15 13:00:00,225.0,225.4,223.4,225.15,12339
2021-01-15 14:00:00,225.15,225.15,222.5,222.55,20370
2021-01-15 15:00:00,222.55,223.95,221.7,222.5,28434
2021-01-18 10:00:00,225.9,233.2,225.9,230.1,239015
2021-01-18 11:00:00,230.1,230.95,228.0,230.05,70112
2021-01-18 12:00:00,230.3,231.35,230.25,231.0,46446
2021-01-18 13:00:00,231.0,231.95,230.3,231.0,53083
2021-01-18 14:00:00,231.0,231.85,230.1,230.9,43744
2021-01-18 15:00:00,230.9,232.0,230.0,231.15,80084
2021-01-19 10:00:00,234.4,241.9,232.0,240.5,530004
2021-01-19 11:00:00,239.85,243.7,234.0,236.5,1549053
2021-01-19 12:00:00,236.4,237.1,235.65,236.7,165383
2021-01-19 13:00:00,236.7,236.8,234.2,235.55,216314
2021-01-19 14:00:00,235.55,236.6,235.4,236.0,97866
2021-01-19 15:00:00,236.0,237.5,233.0,233.3,226896
2021-01-20 10:00:00,235.0,238.9,228.7,229.5,381862
2021-01-20 11:00:00,229.5,229.5,227.5,228.35,143208
2021-01-20 12:00:00,228.35,229.0,227.9,228.25,57887
2021-01-20 13:00:00,228.25,228.9,228.0,228.7,35584
2021-01-20 14:00:00,228.7,228.9,227.0,228.4,57465
2021-01-20 15:00:00,228.75,229.55,222.05,225.0,164412
2021-01-21 10:00:00,227.8,232.0,227.25,229.0,170972
2021-01-21 11:00:00,229.0,229.25,228.3,228.5,30193
2021-01-21 12:00:00,228.45,228.8,226.6,227.85,41302
2021-01-21 13:00:00,227.85,228.15,226.2,226.3,22501
2021-01-21 14:00:00,226.3,227.0,225.2,225.2,23278
2021-01-21 15:00:00,225.2,228.3,224.1,227.4,116922
2021-01-22 10:00:00,226.3,227.5,222.6,224.65,70606
2021-01-22 11:00:00,224.65,224.65,220.55,222.5,48119
2021-01-22 12:00:00,222.5,224.5,222.0,224.0,47249
2021-01-22 13:00:00,224.0,224.7,223.25,223.25,23236
2021-01-22 14:00:00,223.3,224.25,222.0,222.0,35223
2021-01-22 15:00:00,222.0,223.9,221.9,222.0,18131
2021-01-25 10:00:00,224.0,225.75,218.1,219.4,95187
2021-01-25 11:00:00,219.4,222.9,219.2,221.9,38136
2021-01-25 12:00:00,221.9,223.9,221.55,223.6,27298
2021-01-25 13:00:00,223.6,223.9,221.7,221.95,12772
2021-01-25 14:00:00,222.35,224.15,222.05,223.0,29909
2021-01-25 15:00:00,223.0,223.25,221.25,222.3,37006
2021-01-27 10:00:00,222.0,222.0,213.8,218.45,42261
2021-01-27 11:00:00,218.45,219.4,217.8,219.2,11520
2021-01-27 12:00:00,219.2,220.6,219.0,219.4,20273
2021-01-27 13:00:00,219.4,220.05,218.0,218.65,18354
2021-01-27 14:00:00,218.65,220.6,218.25,219.5,26946
2021-01-27 15:00:00,219.5,221.0,219.25,220.35,46514
2021-01-28 10:00:00,220.0,220.0,216.0,218.3,31510
2021-01-28 11:00:00,218.3,218.4,216.5,217.1,21296
2021-01-28 12:00:00,217.1,217.95,215.55,216.35,23904
2021-01-28 13:00:00,216.3,216.75,215.1,215.95,16997
2021-01-28 14:00:00,215.95,217.5,215.4,216.25,20103
2021-01-28 15:00:00,216.25,216.7,215.5,215.55,9552
2021-01-29 10:00:00,217.7,221.35,217.35,220.5,45564
2021-01-29 11:00:00,220.5,220.95,219.5,220.5,13897
2021-01-29 12:00:00,220.5,221.0,219.5,219.5,9509
2021-01-29 13:00:00,219.8,221.3,219.6,219.65,20164
2021-01-29 14:00:00,219.65,224.4,219.3,222.1,31246
2021-01-29 15:00:00,222.1,223.5,219.0,219.85,20700
2021-02-01 10:00:00,219.5,221.1,215.1,218.7,42652
2021-02-01 11:00:00,218.7,219.25,218.0,218.85,15398
2021-02-01 12:00:00,218.85,219.85,218.45,218.45,8168
2021-02-01 13:00:00,218.45,225.15,218.15,224.25,38385
2021-02-01 14:00:00,224.25,226.0,223.35,225.5,53220
2021-02-01 15:00:00,225.5,227.3,223.55,226.3,51657
2021-02-02 10:00:00,229.0,233.8,229.0,230.05,73810
2021-02-02 11:00:00,230.05,230.5,223.8,226.5,72166
2021-02-02 12:00:00,226.5,227.2,225.0,225.45,9058
2021-02-02 13:00:00,225.45,225.55,223.1,224.1,16631
2021-02-02 14:00:00,224.1,227.4,223.25,227.1,33227
2021-02-02 15:00:00,227.1,228.0,225.5,225.5,17091
2021-02-03 10:00:00,228.5,228.5,224.6,227.35,26225
2021-02-03 11:00:00,227.35,227.75,226.55,227.5,20482
2021-02-03 12:00:00,227.5,227.5,226.0,226.3,16874
2021-02-03 13:00:00,226.3,227.65,226.1,227.2,13651
2021-02-03 14:00:00,227.2,231.5,227.05,229.6,63515
2021-02-03 15:00:00,229.4,230.5,229.0,229.55,46428
2021-02-04 10:00:00,229.95,230.0,223.65,225.3,61200
2021-02-04 11:00:00,225.3,226.9,224.7,226.9,21514
2021-02-04 12:00:00,226.6,227.35,226.25,226.9,9739
2021-02-04 13:00:00,226.9,227.35,225.0,226.2,26266
2021-02-04 14:00:00,226.2,227.35,225.6,226.05,17049
2021-02-04 15:00:00,226.05,227.2,225.7,226.5,22619
2021-02-05 10:00:00,226.1,231.05,226.1,227.4,70327
2021-02-05 11:00:00,227.4,227.85,224.35,224.7,33676
2021-02-05 12:00:00,224.6,225.0,224.4,225.0,12203
2021-02-05 13:00:00,225.0,225.0,222.9,223.6,36076
2021-02-05 14:00:00,223.6,223.6,219.3,220.0,76026
2021-02-05 15:00:00,220.0,220.1,219.25,219.55,41287
2021-02-08 10:00:00,219.8,222.45,219.35,221.4,32623
2021-02-08 11:00:00,221.4,222.3,221.0,221.65,29749
2021-02-08 12:00:00,221.65,221.75,220.4,220.75,11026
2021-02-08 13:00:00,220.75,221.35,220.5,221.25,5195
2021-02-08 14:00:00,221.25,221.6,220.9,221.6,9267
2021-02-08 15:00:00,221.6,221.65,220.1,220.6,19573
2021-02-09 10:00:00,220.1,223.45,219.5,220.95,30330
2021-02-09 11:00:00,220.95,221.95,220.55,220.55,13692
2021-02-09 12:00:00,220.5,221.25,219.6,219.6,19640
2021-02-09 13:00:00,219.6,220.25,219.6,220.25,10422
2021-02-09 14:00:00,220.25,220.5,220.0,220.4,18209
2021-02-09 15:00:00,220.25,220.7,220.0,220.2,126072
2021-02-10 10:00:00,220.1,220.1,216.7,218.65,40821
2021-02-10 11:00:00,218.65,219.0,218.1,218.9,15294
2021-02-10 12:00:00,218.9,219.25,218.5,218.8,3056
2021-02-10 13:00:00,218.8,219.2,218.25,218.8,6796
2021-02-10 14:00:00,218.8,219.3,218.05,219.15,18950
2021-02-10 15:00:00,219.15,219.4,218.1,218.7,13528
2021-02-11 10:00:00,219.75,219.85,217.0,219.75,18487
2021-02-11 11:00:00,219.75,220.0,219.15,219.25,17192
2021-02-11 12:00:00,219.25,219.65,219.2,219.4,5318
2021-02-11 13:00:00,219.7,219.9,217.4,217.7,26570
2021-02-11 14:00:00,218.15,218.25,217.1,218.25,9117
2021-02-11 15:00:00,218.25,219.15,218.0,218.75,9817
2021-02-12 10:00:00,221.0,226.0,219.05,225.4,114179
2021-02-12 11:00:00,225.4,225.75,224.0,224.8,72787
2021-02-12 12:00:00,224.8,225.4,223.35,223.65,24426
2021-02-12 13:00:00,223.4,223.65,220.75,222.65,33981
2021-02-12 14:00:00,222.65,223.1,220.6,220.85,19924
2021-02-12 15:00:00,220.85,221.95,220.35,221.6,23478
2021-02-15 10:00:00,222.0,224.7,220.0,220.0,37421
2021-02-15 11:00:00,220.25,221.75,220.05,221.0,22216
2021-02-15 12:00:00,221.0,221.1,220.15,220.15,6832
2021-02-15 13:00:00,220.15,220.95,219.9,220.45,20798
2021-02-15 14:00:00,220.45,221.0,220.1,220.5,9280
2021-02-15 15:00:00,220.5,220.95,219.6,220.65,11874
2021-02-16 10:00:00,221.45,221.6,220.3,220.6,18470
2021-02-16 11:00:00,220.6,222.8,220.6,221.5,25669
2021-02-16 12:00:00,221.5,221.5,220.0,220.6,15747
2021-02-16 13:00:00,220.1,221.25,219.35,219.4,11673
2021-02-16 14:00:00,219.4,220.4,219.2,219.3,6265
2021-02-16 15:00:00,219.3,219.95,219.1,219.3,13644
2021-02-17 10:00:00,219.5,223.35,219.5,221.9,54231
2021-02-17 11:00:00,221.9,222.5,220.25,221.9,22692
2021-02-17 12:00:00,221.9,222.5,221.6,222.0,8510
2021-02-17 13:00:00,222.0,222.7,222.0,222.0,31280
2021-02-17 14:00:00,222.0,222.55,222.0,222.15,21069
2021-02-17 15:00:00,222.15,223.0,222.0,222.1,20226
2021-02-18 10:00:00,222.0,230.5,221.5,228.1,243324
2021-02-18 11:00:00,227.95,229.8,227.5,229.45,91880
2021-02-18 12:00:00,229.2,232.9,228.0,228.85,121174
2021-02-18 13:00:00,228.5,234.5,228.0,230.6,146677
2021-02-18 14:00:00,230.5,232.15,230.2,230.6,72707
2021-02-18 15:00:00,230.65,231.05,227.05,227.1,54094
2021-02-19 10:00:00,228.55,233.8,228.55,231.05,104102
2021-02-19 11:00:00,231.05,231.8,230.05,230.05,16678
2021-02-19 12:00:00,230.05,231.0,230.0,230.15,14261
2021-02-19 13:00:00,230.15,230.75,230.0,230.25,21819
2021-02-19 14:00:00,230.25,230.25,220.1,221.0,72447
2021-02-19 15:00:00,221.0,226.9,220.45,225.0,38231
2021-02-22 10:00:00,224.5,225.1,221.05,223.0,26082
2021-02-22 11:00:00,223.0,223.15,222.0,222.75,6876
2021-02-22 12:00:00,222.75,222.75,221.1,221.55,15104
2021-02-22 13:00:00,221.55,223.25,221.05,222.15,13853
2021-02-22 14:00:00,222.15,222.7,220.1,221.45,23855
2021-02-22 15:00:00,221.45,223.0,220.1,221.85,20041
2021-02-23 10:00:00,221.0,223.35,220.5,222.65,19665
2021-02-23 11:00:00,222.9,224.0,222.7,222.9,8367
2021-02-23 12:00:00,222.9,225.95,222.1,225.0,38653
2021-02-23 13:00:00,225.0,230.0,223.9,227.0,67644
2021-02-23 14:00:00,227.0,227.6,225.75,225.75,9052
2021-02-23 15:00:00,225.75,225.85,224.35,224.8,50111
2021-02-24 10:00:00,228.35,228.5,226.0,227.0,29724
2021-02-24 11:00:00,227.0,227.5,226.0,226.6,6724
2021-02-24 16:00:00,226.85,228.8,224.8,226.0,12692
2021-02-25 10:00:00,230.25,231.0,228.0,230.05,116689
2021-02-25 11:00:00,230.05,231.5,230.0,230.0,25873
2021-02-25 12:00:00,230.0,230.55,229.5,230.3,21246
2021-02-25 13:00:00,230.3,230.35,227.65,228.55,19605
2021-02-25 14:00:00,228.55,228.65,227.6,227.6,7555
2021-02-25 15:00:00,227.6,228.55,227.6,228.1,11908
2021-02-26 10:00:00,222.0,227.7,222.0,227.15,39356
2021-02-26 11:00:00,227.15,227.25,224.45,224.85,20586
2021-02-26 12:00:00,224.85,226.65,223.45,224.55,42089
2021-02-26 13:00:00,224.55,225.8,224.0,225.5,16890
2021-02-26 14:00:00,225.5,229.0,225.0,227.95,22216
2021-02-26 15:00:00,227.95,227.95,225.0,225.0,18234
2021-03-01 10:00:00,227.0,228.45,225.0,226.4,21778
2021-03-01 11:00:00,226.4,227.5,225.5,227.1,14456
2021-03-01 12:00:00,227.1,227.85,226.9,227.6,14268
2021-03-01 13:00:00,227.6,228.0,226.85,227.45,16557
2021-03-01 14:00:00,227.45,227.6,227.0,227.25,29761
2021-03-01 15:00:00,227.25,227.5,227.0,227.1,7346
